# -*- mode: shell-script; -*-

##############################################################################
# Adam's aliases
##############################################################################

# {{{ Me :-)

alias me "Adam Spiers" <adam@spiers.net>
alias me.guideguide "Adam Spiers, at guideguide" <aspiers@guideguide.com>
alias me.musician "Adam Spiers" <adam.spiers@musician.org>
alias me.ox "Adam Spiers" <adam.spiers@new.ox.ac.uk>
alias me.oxford "Adam Spiers" <adam.spiers@new.oxford.ac.uk>
alias me.thelonious "Adam Spiers, on thelonious" <adam@thelonious.new.ox.ac.uk>
alias me.hotmail "Adam Spiers, on hotmail" <adam_spiers@hotmail.com>
alias me.test "Adam Spiers, testing something" <adam-test@thelonious.new.ox.ac.uk>
alias me.dict "Adam Spiers, dictionary gateway" <adam-dict@thelonious.new.ox.ac.uk>
alias sms "Adam Spiers mobile via SMS gateway" <adam.spiers@eMobile.co.uk>

# }}}
# {{{ Relatives

alias daddy "Stuart Spiers" <stuart@spiers.net>
alias mummy "Stuart Spiers" <liz@spiers.net>
alias thea.rncm Thea Spiers <SpiersT@rncm.ac.uk>
alias thea "Thea Spiers" <thea@spiers.net>
alias chloe "Chloe Spiers" <chloe@spiers.net>
alias chloe.man "Chloe Spiers" <chloe.spiers@stud.man.ac.uk>
#alias chloe.de "Chloe in Germany" <mafangongsi@t-online.de> 

alias ian.spiers "Ian Spiers" <ian@spiers.net>
alias ian.spiers.old "Ian Spiers" <ian@spiers.newnet.co.uk>
alias ian ian.spiers
alias barry.spiers "Barry Spiers" <barry@spiers.net>
alias barry.spiers.work "Barry Spiers, at work" <flexdeck@intelog.com>
alias barry barry.spiers
alias david.spiers David Spiers <duvido@home.com>
alias daniel.spiers "Daniel Spiers" <dspiers9@home.com>

alias david.griffith "David Griffith" <eppltd@indigo.ie>
alias nessa.griffith "Nessa Griffith" <ngriffith@ndc.ie>
alias nessa.griffith2 Nessa Griffith <nessandc@iol.ie>
alias peter.oconnor "Peter O'Connor" <azrael14@juno.com>
alias helen.oconnor.mayo "Helen O'Connor at work" <oconh@mayo.edu>
alias helen.oconnor.juno "Helen O'Connor at home" <helenoc@juno.com>
alias helen.oconnor helen.oconnor.juno
alias michael.oconnor "Michael O'Connor" <mkoconnor@mayo.edu>
alias niamh.oconnor Niamh O'Connor <sive99@yahoo.com>
alias viv.mchugh Viv McHugh <vivmike@oceanfree.net>
alias michael.mchugh Viv McHugh <vivmike@oceanfree.net>

alias sheila.davies "Sheila Davies" <SDAVI@doh.health.nsw.gov.au>
alias sheila.davies2 Sheila Davies <DaviesS@sesahs.nsw.GOV.AU>
alias dermot.rogers "Dermot Rogers" <dermotr@microsoft.com>

alias siobhan.supple Siobhan Supple <supple@iol.ie>

# }}}

# {{{ (Ex-)Oxford friends

alias giles.harrison Giles Harrison <giles.harrison@bbc.co.uk>
alias stacey.work Stacey Steele <Stacey.Steele@bowne.com>
alias stacey.hotmail Stacey Steele <goldfish_74@hotmail.com>
alias stacey stacey.hotmail
alias tim.corbett-clark Timothy Corbett-Clark <tcorbettclark@thirdphase.com>
alias tcc tim.corbett-clark
alias nick.mcgrogan "Nick McGrogan" <nmcgroga@thelonious.new.ox.ac.uk>
alias nick nick.mcgrogan
alias lindsey.napier "Lindsey Napier" <lnapier@hotmail.com>
alias ben.teasdale.bbc "Ben Teasdale" <ben.teasdale@bbc.co.uk>
alias ben.teasdale "Ben Teasdale" <ben.teasdale@ntlworld.com>
alias ben.north.thelonious "Ben North" <ben@thelonious.new.ox.ac.uk>
alias ben.north "Ben North" <Ben_North@eur.3com.com>
alias ben ben.north
alias nick.williams "Nick Williams" <nick@thelonious.new.ox.ac.uk>
alias nick.williams2 "Nick Williams" <nickhw@btinternet.com>
alias dave.lindgren "David Lindgren" <dave@thelonious.new.ox.ac.uk>
alias dave dave.lindgren
alias chris.cladingboel "Chris Cladingboel" <christopher.cladingboel@wadham.ox.ac.uk>
alias chris chris.cladingboel
alias chris.hildrew "Chris Hildrew" <chris_hildrew@yahoo.com>
alias jo.sherratt.hotmail Joanna Sherratt <josherratt@hotmail.com>
alias jo.sherratt.notts Joanna Sherratt <mzytjls@nottingham.ac.uk>
alias jo.sherratt.bm "Joanna Sherratt" <jsherrat@ibl.bm>
alias jo.sherratt.work Joanna Sherratt <jsherrat@CENTRERE.COM>
alias jo jo.sherratt.hotmail
alias ivan.rockey Ivan Rockey <Ivan.Rockey@btinternet.com>
alias ivan.rockey.ECO "FAO: Ivan Rockey" <mail@e-c-orch.demon.co.uk>
alias ivan ivan.rockey
alias ives ivan.rockey
alias sarah.metcalf "Sarah Metcalf" <s-metcalf@dfid.gtnet.gov.uk>
alias ian.macmullen "Ian MacMullen" <ian_macmullen@hotmail.com>
alias tim.lucas "Tim Lucas" <timothy.lucas@new.ox.ac.uk>
#alias graeme.wearden Graeme Wearden <graeme@thelonious.new.ox.ac.uk>
alias graeme.wearden Graeme Wearden <graeme_wearden@ziffdavis.com>
alias rachael.gulliver.old "Rachael Gulliver" <rachaelgulliver@hotmail.com>
alias rachael.gulliver "Rachael Gulliver" <rg232@cam.ac.uk>
alias annabel.borthwick Annabel Borthwick <annabel.borthwick@new.ox.ac.uk>
alias jessie.hadley Jess Hadley <jessiekate@hotmail.com>
alias bear.bolton Bear <bear@thelonious.new.ox.ac.uk>
alias bear.bolton.home Bear at home <mbolton@iol.ie>
alias bear.bolton.work Bear Bolton <bolton@susq.com>
alias bear bear.bolton.work
alias tango "Tango Fawcett, Bear's sister" <tango.fawcett@btinternet.com>
alias bears.aunt Bear at Hilary Stephen's <hilary@arc.net.au>
alias stephen.walmsley "Stephen Walmsley" <stephen@thelonious.new.ox.ac.uk>
alias christie.bolton "Tiss (Christie Bolton)" <christine.bolton@new.ox.ac.uk>
alias tiss.bolton christie.bolton
alias kevin.barsby "Kevin Barsby" <kevin.barsby@hummingbird-it.co.uk>
#alias kevin.barsby "Kevin Barsby" <kevin.barsby@fjcomp.com>
alias tania.abrahams Tania Abrahams <taniaabrahams@hotmail.com>
alias oli.dickson Oli Dickson <olimpia.dickson@tao.j-sainsbury.co.uk>
alias oli.dickson2 Oli Dickson <Olimpia.Dickson@tao.sainsburys.co.uk>
alias peronel.smith "Peronel Smith" <peronel_smith@harcourtbrace.com>
alias nick.collins Nick Collins <nickcollins@hotmail.com>
alias vicky.hamilton Victoria Hamilton <victoria.hamilton@stagetech.com>
alias dave.willetts "Dave Willetts" <davetm@thelonious.new.ox.ac.uk>
alias matthew.kirkwood Matthew Kirkwood <weejock@ferret.lmh.ox.ac.uk>
alias matthew.kirkwood Matthew Kirkwood <weejock@ferret.lmh.ox.ac.uk>
alias weejock matthew.kirkwood
alias jock matthew.kirkwood
alias chris.evans "Chris Evans" <chris@ferret.lmh.ox.ac.uk>
alias paul.eastham "Paul Eastham" <pre23@cam.ac.uk>
alias heather.mcnaughton "Heather McNaughton" <heather.mcnaughton@merton.ox.ac.uk>
alias bruce.hickey "Bruce Hickey" <bruce@thelonious.new.ox.ac.uk>
alias nicola.schreiber Nicola Schreiber <nicola.schreiber@new.ox.ac.uk>

alias eric.metcalfe "Eric Metcalfe" <eric.metcalfe@new.oxford.ac.uk>
alias peter.hunter Peter Hunter <peter.hunter@blackfriars.ox.ac.uk>
alias mark.childs Mark Childs <mad@thelonious.new.ox.ac.uk>
alias mike.mason Mike Mason <mgm@ox.compsoc.net>
alias george.foot "George Foot" <george.foot@merton.ox.ac.uk>
alias ben.thompson "Ben Thompson" <bt@thelonious.new.ox.ac.uk>
alias jo.dillon "Joel Dillon" <jo.dillon@new.oxford.ac.uk>
alias rich.graham "Rich Graham (MCR president)" <richard.graham@new.ox.ac.uk>
alias ferdia.gallagher Ferdia Gallagher <ferdia.gallagher@new.oxford.ac.uk>

alias nicks nick,nick.williams

# }}}
# {{{ Friends from home

alias matthew.clay.old Matt Clay <m.clay@prsarchitects.com>
alias matthew.clay Matt Clay <mclay@e-mango.com>
#alias rowan.dennis Rowan Dennis <rozdennis@hotmail.com>
alias rowan.dennis Rowan Dennis <rosiesd@hotmail.com>
alias jon.greenwell Jonathan Greenwell <J.R.Greenwell@mds.qmw.ac.uk>
alias dan.davies.old Daniel Davies <dddavies@students.jhubc.it>
alias dan.davies Dan Davies <dddavies@pop3.lineone.net>
alias alex.steele "Alex Steele" <ASTEELE@chelt.ac.uk>
alias emma.perks "Emma Perks" <E.H.Perks@durham.ac.uk>
alias matthew.bright "Matthew Bright" <matt@well.ox.ac.uk>
alias green.family "Richard/Alex/Kathy/Katie Green" <richard.green7@virgin.net>
alias alex.green "Alex Green" <richard.green7@virgin.net>
alias richard.green "Richard Green" <richard.green7@virgin.net>
alias richard.green.school "Richard Green, at school" <stlucias@aol.com>

# }}}
# {{{ Old skools

alias jeremy.lund Jeremy Lund <jklund@globalnet.co.uk>
alias gilbert.roscoe "Gilbert Roscoe" <gilbert@sionix.demon.co.uk>
alias stewart.dunn Stewart Dunn <info@sdunn.demon.co.uk>
alias masw "Mike Schutzer-Weissmann" <MASW@shrwsbry.demon.co.uk>
alias john.moore John Moore <JFM@shrewsbury.org.uk>

# }}}
# {{{ RAM friends

alias yan.fitterer "Yan Fitterer" <y.fitterer@ram.ac.uk>
alias yan.fitterer.u-net Yan Fitterer <y.fitterer@ithut.u-net.com>
alias yan yan.fitterer
alias nick.byrne Nick Byrne <kaptainbirdeye@hotmail.com>
alias sharon.worrall Sharon Worrall <nenoch@netvision.net.il>
alias kirsten.lestrange Kirsten LeStrange <kirstenlestrange@hotmail.com>
alias sarah.hammel Sarah Hammel <naomihammel@hotmail.com>
alias conny.lindgren Conny Lindgren <connylindgren@yahoo.com>
alias ailsa.murdoch Ailsa Murdoch <ailsa.murdoch@virgin.net>

# }}}
# {{{ NYO friends

alias natasha.foster "Natasha Foster" <73420.3642@compuserve.com>
alias rosie.biss "Rosie Biss" <rosiebiss@yahoo.com>
alias rosie rosie.biss
alias malcolm.cross "Malcolm Cross" <malcolm_cross@hotmail.com>
alias malcs malcolm.cross
alias bourby.norman Bourby Norman <bourbynorman@hotmail.com>
alias rachel.norman bourby.norman

# }}}
# {{{ London friends

alias sarah.boxall "Sarah Boxall" <Sarahb@Keltie.com>
alias martin.grainger Martin Grainger <martin@fanbelt.freeserve.co.uk>
alias emma.cullender Emma Cullender <redneluc@globalnet.co.uk>

# }}}
# {{{ Groups of friends

alias address_change stacey, tim.corbett-clark, nick, lindsey.napier, ben.teasdale, ben, nick.williams, dave, chris, jo.sherratt, ivan.rockey, sarah.metcalf, ian.macmullen, tim.lucas, graeme.wearden, rachael.gulliver, annabel.borthwick, jessie.hadley, bear, stephen.walmsley,
alias add2 tiss, kevin.barsby, oli.dickson, peronel.smith, nick.collins, andy.radford, vicky.hamilton, dave.willetts, weejock, chris.evans, paul.eastham, rowan.dennis, jon.greenwell, dan.davies, alex.steele, jeremy.lund, katie.green, emma.perks, matt.clay, john.hargreaves, richard.green, natasha.foster, rosie.biss, malcolm.cross, sarah.boxall, martin.grainger, daddy, daniel.spiers, helen, michael, chloe, ian, sheila.davies, nick.byrne, kirsten.lestrange, philip.sheppard, wilson, darren.nickerson, gg-uk

# }}}

# {{{ RAM staff

# admin

alias mike.cherry Mike Cherry <m.cherry@ram.ac.uk>
alias estates RAM Estates Office <estates@ram.ac.uk>
alias ram.registrar "Philip White, Registrar for the RAM" <p.white@ram.ac.uk>

# teachers

alias philip.sheppard Philip Sheppard <phil@bluesnow.easynet.co.uk>
alias colin.carr Colin Carr <ccarr@atlas.co.uk>

# }}}
# {{{ Computer work

alias christof.damian "Christof Damian" <cdamian@guideguide.com>
alias cdamian christof.damian
alias xtof christof.damian

alias thomas.damian "Thomas Damian" <tdamian@guideguide.com>
alias tdamian thomas.damian

alias mikel.hecken "Mikel Hecken" <mhecken@guideguide.com>
alias mhecken mikel.hecken

alias alex.mclean "Alex McLean" <alex@slab.org>
alias alex.mclean2 Alex McLean <amclean@guideguide.com>
alias alex.mclean3 Alex McLean <alex@guideguide.com>
alias alex.mclean.lurk Alex McLean <alex@lurk.org>

alias andy.mcfarland "Andy McFarland" <amcfarland@guideguide.com>
alias andym andy.mcfarland

#alias rob.partington Rob Partington <rob@guideguide.com>
alias rob.partington Rob Partington <rjp@plig.net>
alias basho rob.partington

alias mark.hulme-jones Mark Hulme-Jones <mjones@guideguide.com>
alias mjones mark.hulme-jones
alias recoil mark.hulme-jones

alias nathan.carr Nathan Carr <nathan@nowt.net>
alias ncarr nathan.carr
alias nomad nathan.carr

alias andrew.simmons Andrew Simmons <asimmons@guideguide.com>
alias asimmons andrew.simmons
alias vila andrew.simmons

alias luke.robinson Luke Robinson <lrobinson@guideguide.com>
alias luke luke.robinson
alias lrobinson luke.robinson

alias rob.ryan Rob Ryan <rryan@guideguide.com>
alias rryan rob.ryan
alias rollmop rob.ryan

alias christian.allen Christian Allen <callen@guideguide.com>
alias callen christian.allen
alias pershino christian.allen

alias matt.copping Matt Copping <mcopping@guideguide.com>
alias mcopping matt.copping

alias alix.poscharsky Alix Poscharsky <alix@guideguide.com>
alias youssou alix.poscharsky

alias rob.andrews Rob Andrews <randrews@guideguide.com>
alias nine rob.andrews

alias ggdev "guideguide development list" <ggdev@guideguide.com>
alias gg-uk "guideguide UK list" <gg-uk@guideguide.com>
alias codereview guideguide codereview list <codereview@guideguide.com>
alias translations "ggdev translations" <translations@guideguide.com>

alias paul.rogers "Paul Rogers" <pr@mbn.co.uk>
alias micromedia Micromedia <sales@micromedia.net>

alias miguel "Miguel Ripoll" <miguel@itv.com>

alias dave.cross Dave Cross <dave@dave.org.uk>
alias adam.bailey "Adam Bailey" <post@w3w.net>
alias paul.powerhost "Paul at PowerHost" <admin@powerhost.co.uk>

alias danny.bowers "Danny Bowers" <danny@dircon.co.uk>

alias gareth.hughes Gareth Hughes <ghughes@cmedltd.com>

# }}}

# {{{ Musical acquaintances

alias michael.borthwick Michael Borthwick <m@borthwick.org>
alias kirsten.salter Kirsten Salter <Kirsten.Salter@emic.co.uk>
alias John Hargreaves John Hargreaves <musicmaestros@netscapeonline.co.uk>

# }}}
# {{{ Oxford University

# {{{ New College / IT work

alias james.dore \"James Dore, New College sysadmin\" <james.dore@new.ox.ac.uk>
alias chris.tromans Chris Tromans <ctromans@thelonious.new.ox.ac.uk>
alias majordomo.ox Oxford Majordomo <majordomo@maillist.ox.ac.uk>
alias alex.fuller Alex Fuller <alex.fuller@afis.demon.co.uk>
alias it-support-dist "IT Support Team, bypassing Req system" <it-support-dist@thelonious.new.ox.ac.uk>
alias is "IT Support team, using Req system" <it-support@thelonious.new.ox.ac.uk>
alias db "Caroline Thomas, New College Domestic Bursar" <caroline.thomas@new.ox.ac.uk>
alias caroline.thomas "Caroline Thomas, New College Domestic Bursar" <caroline.thomas@new.ox.ac.uk>
alias ncsec "Barbara Vardag, New College Secretary" <barbara.vardag@new.ox.ac.uk>
alias barbara.vardag "Barbara Vardag, New College Secretary" <barbara.vardag@new.ox.ac.uk>
alias alastair.white "Alastair White" <alastair.white@new.ox.ac.uk>
alias sue.anderson "Sue Anderson, New College DB's secretary" <sue.anderson@new.ox.ac.uk>
alias wylie.horn "Wylie Horn, College admin network sysadmin" <wylie.horn@oucs.ox.ac.uk>
alias warden "Alan Ryan" <alan.ryan@new.ox.ac.uk>
alias alan.ryan "Alan Ryan" <alan.ryan@new.ox.ac.uk>
alias rinku "Rinku Chandra, MCR computer rep." <rinku.chandra@new.oxford.ac.uk>
alias wilson "Wilson Sutherland" <wilson.sutherland@new.ox.ac.uk>
alias geraint "Geraint Jones" <geraint.jones@comlab.ox.ac.uk>
alias david.gavaghan "David Gavaghan" <gavaghan@vax.ox.ac.uk>
alias wendy.coyne "Wendy Coyne, New College Graduates and Admissions Office" <wendy.coyne@new.ox.ac.uk>
alias maggie "Maggie Davies, Fellows' Secretary" <maggie.davies@new.ox.ac.uk>
alias sue.ashcroft-jones "Sue Ashcroft-Jones (Development Office)" <sue.ashcroft-jones@new.ox.ac.uk>
alias accurate.solutions "Steve Harper, Accurate Solutions Ltd." <yl90@dial.pipex.com>
alias admissions New College Admissions <admissions@new.ox.ac.uk>
alias free-computers free-computers@thelonious.new.ox.ac.uk
alias jamie.lokier Jamie Lokier <jamie@comlab.ox.ac.uk>

# }}}
# {{{ Official

alias advisory OUCS Advisory Service <advisory@computing-services.oxford.ac.uk>
alias user.registration "User Registration, OUCS" <user.registration@computing-services.oxford.ac.uk>
alias oxcert "OxCERT" <oxcert@ox.ac.uk>
alias hostmaster "OUCS host administration" <hostmaster@ox.ac.uk>

# }}}
# {{{ Personal

alias ruth.porter "Ruth Porter (OUCS contact for New College)" <ruth.porter@oucs.ox.ac.uk>
alias malcolm.beattie "Malcolm Beattie" <mbeattie@sable.ox.ac.uk>
alias jan.grothusen "Jan Grothusen" <jan@robots.ox.ac.uk>
alias robin.watts "Robin Watts" <robin.watts@comlab.ox.ac.uk>
alias pete.biggs Pete Biggs <pete@physchem.ox.ac.uk>
alias geoff.lescott Geoff Lescott <geoff.lescott@computing-services.oxford.ac.uk>
alias darren.nickerson "Darren Nickerson" <dnicker@ermine.ox.ac.uk>
alias darren.nickerson.balliol Darren Nickerson <darren.nickerson@balliol.ox.ac.uk>
alias ganesh.sittampalam Ganesh Sittampalam <ganesh.sittampalam@magd.ox.ac.uk>
alias simon.cozens Simon Cozens <simon@simon-cozens.org>
alias gervase.markham Gervase Markham <gerv@gerv.net>
alias OLD-robin.stevens.astro Robin Stevens <rejs@astro.ox.ac.uk>

# }}}

# }}}
# {{{ Mailing lists

alias alsa-devel "ALSA development mailing list" <alsa-devel@alsa-project.org>
alias alsa-user "ALSA users mailing list" <alsa-user@alsa-project.org>
alias apmd-list "apmd mailing list" <apmd-list@worldvisions.ca>
alias bashprompt "bashprompt mailing list" <bash@current.nu>
alias bugtraq "Bugtraq, UNIX security mailing list" <bugtraq@securityfocus.com>
alias coll-it-forum "College IT Officers' Forum mailing list" <coll-it-forum@maillist.ox.ac.uk>
alias colleges-it "Colleges IT Group mailing list" <colleges-it-l@maillist.ox.ac.uk>
alias diald "linux-diald mailing list" <linux-diald@vger.rutgers.edu>
alias galeon "galeon mailing list" <galeon-devel@lists.sourceforge.net>
alias gimp-perl "gimp-perl mailing list" <gimp-perl@lists.netcentral.net>
alias gnokii "gnokii mailing list" <gnokii@net.lut.ac.uk>
alias gnome-pilot "gnome-pilot mailing list" <gnome-pilot-list@gnome.org>
alias infobot "Infobot mailing list" <infobot-dev@cs.cmu.edu>
alias it "College IT forum mailing list" <coll-it-forum@maillist.ox.ac.uk>
alias laptop "linux-laptop mailing list" <linux-laptop@vger.rutgers.edu>
alias linux-kernel <linux-kernel@vger.rutgers.edu>
alias linux-laptop "linux-laptop mailing list" <linux-laptop@vger.rutgers.edu>
alias linux-security "Linux Security mailing list" <linux-security@redhat.com>
alias linux-smp "Linux SMP mailing list" <linux-smp@vger.rutgers.edu>
alias london_pm "London Perl M[ou]ngers" <london-list@happyfunball.pm.org>
alias modperl "mod_perl mailing list" <modperl@apache.org>
alias modules "modules@perl.org" <modules@perl.org>
alias netatalk "netatalk mailing list" <netatalk@umich.edu>
alias ntk "NTK" <tips@spesh.com>
alias perlunit-devel "PerlUnit development list" <perlunit-devel@lists.sourceforge.net>
alias perlunit-users "PerlUnit users list" <perlunit-users@lists.sourceforge.net>
alias plucker-dev "Plucker development" <plucker-dev@rubberchicken.org>
alias req "Req mailing list" <req@ccs.neu.edu>
alias reqng "reqNG developers mailing list" <reqng-developers@scuttlebutt.explore.com>
alias rt "RT mailing list" <rt@auk.fsck.com>
alias sawfish "sawfish mailing list" <sawmill@aarg.net>
alias sawmill sawfish
alias sitescooper-talk sitescooper-talk@lists.sourceforge.net
alias vger "majordomo@vger.rutgers.edu" <Majordomo@vger.rutgers.edu>
alias void "(void)" <void@slab.org>
alias vortex-bug "Linux Vortex bugs mailing list" <linux-vortex-bug@beowulf.gsfc.nasa.gov>
alias wishlist "ReqNG wishlist" <wishlist@scuttlebutt.explore.com>
alias zsh-users "zsh users mailing list" <zsh-users@sunsite.auc.dk>
alias zsh-workers "zsh workers mailing list" <zsh-workers@sunsite.auc.dk>

# }}}
# {{{ Software & developers

# lists
alias buggies "landfill bugzilla testing" <buggies@landfill.tequilarista.org>

alias addressbook "Clemens Durka, author of addressbook" <clemens@dagobah.de>
alias chris.kemp "Christopher Kemp" <ck231@cam.ac.uk>
alias david.hinds "David Hinds (PCMCIA author)" <dhinds@zen.stanford.edu>
alias dcl "Daniel C. L'Hommedieu (reqNG developer)" <dcl@explore.com>
alias folding-mode.maintainer "Anders Lindgren, maintainer of folding.el" <andersl@csd.uu.se>
alias htmlpp "Nicolas Thiery, author of htmlpp" <Nicolas.Thiery@ens.fr>
alias japhy "Jeff Pinyan (japhy)" <japhy@pobox.com>
alias junkbuster.blocklist "Stefan Waldherr" <stefan@waldherr.org>
alias Lingua::EN::Squeeze "Jari Aalto" <jari.aalto@poboxes.com>
alias mike.jagdis "Mike Jagdis (diald maintainer)" <jaggy@purplet.demon.co.uk>
alias oznoid "Oznoid (Kevin Lenzo)" <lenzo@cs.cmu.edu>
alias piers.cawley Piers Cawley <pdcawley@bofh.org.uk>
alias pws "Peter Stephenson" <pws@ibmth.df.unipi.it>
alias sven.wischnowsky "Sven Wischnowsky" <wischnow@informatik.hu-berlin.de>
alias tanaka.akira "Tanaka Akira" <akr@jaist.ac.jp>

alias william.stearns "William Stearns" <wstearns@pobox.com>
alias buildkernel william.stearns
alias bill.stearns william.stearns

alias xwrits "Eddie Kohler, author of xwrits" <eddietwo@lcs.mit.edu>
alias zefram "Zefram" <zefram@fysh.org>
alias zircon "Lindsay F. Marshall, author of Zircon" <zircon@catless.ncl.ac.uk>

# }}}
# {{{ Computing acquaintances

alias andreas.koenig "Andreas J. Koenig" <andreas.koenig@anima.de>
alias mjd Mark-Jason Dominus <mjd@plover.com>

# }}}
# {{{ Linux on laptops / ThinkPad 390E dudes

alias linux-thinkpad linux-thinkpad mailing list <linux-thinkpad@topica.com>

alias linux-thinkpad-maintainer "Linux on ThinkPads web page maintainer" <linux-tp@e-oasis.com>
alias kharker "Kenneth Harker, Linux on Laptops maintainer" <kharker@cs.utexas.edu>
alias lilac "Werner Heuser, LiLAC website maintainer" <wehe@snafu.de>


alias damon.anderson "Damon Anderson (ThinkPad 390E Linux user)" <damon@get.topica.com>
alias eric.stephens "Eric A. Stephens" <estephen@appliedtheory.com>
alias kees.cook "Kees Cook (ThinkPad 390E Linux user)" <cook@cpoint.net>
alias allin.cottrell "Allin Cottrell (ThinkPad 390E Linux user)" <cottrell@ricardo.ecn.wfu.edu>
alias stuart.guarnieri "Stuart Guarnieri (ThinkPad 390E Linux user)" <sguarnieri@infonow.com>
alias hal.brooks "Hal N. Brooks (ThinkPad 390E Linux user)" <hal.brooks@mindspring.com>
alias michael.carney "Michael W. Carney (ThinkPad 390E Linux user)" <michael.carney@east.sun.com>
alias yaresham.saaya "Yaresham Saaya (ThinkPad 390E Linux user)" <yaresham@netscape.net>
alias rainer.rudigier "Rainer Rudigier (ThinkPad 390E Linux user)" <rainer.rudigier@newlogic.at>
alias daniel.canas "Daniel Canas (ThinkPad 390E Linux user)" <daniel@intnet.co.cr>
alias mike.carney "Mike Carney  (ThinkPad 390E Linux user)" <mwc@spg-east-004.east.sun.com>

# }}}

# {{{ Miscellaneous

alias kevin.spiers "Kevin L Spiers" <kevin@spiers.net>
alias colin.wright "Colin Wright, juggler & mathematician" <cdw10@liv.ac.uk>
alias pgp "PGP public key server (Oxford)" <pgp-public-keys@keys.uk.pgp.net>
alias ahbou "alt.humor.best-of-usenet submissions" <ahbou-sub@acpub.duke.edu>

alias bcc-only lots of people <adam-dev-null@thelonious.new.ox.ac.uk>

#source ~/.mutt/quake-aliases

# }}}

##############################################################################
# Incoming (need to be classified)
##############################################################################

alias astrid.otoole Astrid O\'Toole <aotoole@guideguide.com>
alias datebk4-support DateBk4 tech support <SWSupport@PimlicoSoftware.com>
