# -*- mode: shell-script -*-
#
# This is the personal part of my mutt configuration, i.e., stuff
# which only applies to me.  You should very likely change all or
# at least some of this.  I'll leave it mostly intact just in case
# it gives you some nice ideas though.

# {{{ Personal config variables

# mutt 1.5 syntax
alternates "(m93asp|newc0115)@.*\.ox\.ac\.uk"
alternates "adam@((thelonio?us|cornholio|miles|www)\.|adam.spiers@)new\.ox(ford)?\.ac\.uk"
alternates "(a25|pulse)\.ram\.ac\.uk"
alternates "aspiers@musician\.org"
alternates "((local)?adams|aspiers)@.*(mediaconsult|guideguide)\.com"
alternates "aspiers@lehman\.com"
alternates "adam@mandolinarchive\.com"
alternates "adam@spiers\.net"
alternates "aspiers@cpan\.org"
alternates ".*@(adamspiers|tigerpig)\.org"
alternates "a(dam\.)?spiers.*@novell\.com"

# mutt 1.4 syntax
#set alternates="adam@mandolinarchive\.com|adam@spiers\.net|.*@(adamspiers|tigerpig)\.org|(a25|pulse)\.ram\.ac\.uk|aspiers@musician\.org|aspiers@cpan\.org|adam@((thelonio?us|cornholio|miles|www)\.|adam.spiers@)new\.ox(ford)?\.ac\.uk|((local)?adams|aspiers)@.*(mediaconsult|guideguide)\.com|(m93asp|newc0115)@.*\.ox\.ac\.uk|a(dam\.)?spiers.*@novell\.com"

# }}}

# {{{ Mailboxes

# {{{ Main mailboxes

mailboxes !
#mailboxes =inboxes/junk-mail
mailboxes =inboxes/test

# }}}
# {{{ Miscellaneous

#mailboxes =inboxes/mobile
mailboxes =inboxes/jobserve-filtered
mailboxes =inboxes/interjazz
mailboxes =inboxes/jobserve
#mailboxes =inboxes/hacking
#mailboxes =inboxes/family-tree
mailboxes =inboxes/chat
mailboxes =inboxes/friends

# }}}

# }}}
# {{{ folder-hooks

folder-hook .                                 source ~/.mutt/folders/DEFAULTS
folder-hook =inboxes/MAIN$                    source ~/.mutt/folders/MAIN
folder-hook =inboxes/junk-mail                source ~/.mutt/folders/junk-mail
folder-hook =inboxes/bad-junk-mail            'push "<tag-pattern>all\n;\ej"'
# For SpamAssassin Bayesian retraining, use sa-learn --spam or --ham,
# but sadly it won't accept from STDIN.
folder-hook =inboxes/retry/is-spam            'push "<tag-pattern>all\n;| mailfilter.crm --learnspam"'
folder-hook =inboxes/retry/is-ham             'push "<tag-pattern>all\n;| mailfilter.crm --learnnonspam"'
folder-hook =inboxes/SAFE$                    'push "<delete-pattern>~r >1w\n"'
folder-hook =backup$                          'push "<delete-pattern>~r >1w\n"'

folder-hook =lists/                           source ~/.mutt/mailing-list

# }}}

# {{{ send-hook, my_hdr, fcc-save-hook

#my_hdr X-URL: http://tigerpig.org/
my_hdr X-OS: Linux
send-hook . 'my_hdr From: "Adam Spiers" <adam@spiers.net>'
send-hook . 'my_hdr Reply-To: "Adam Spiers" <adam@spiers.net>'
#fcc-save-hook . =archive.`date +'%Y.%m'`

# }}}

################################################
# Aliases, lists, mailboxes

# {{{ Me :-)

alias me "Adam Spiers" <adam@spiers.net>
alias me.adamspiers "Adam Spiers" <me@adamspiers.org>
alias me.tigerpig "Adam Spiers" <adam@tigerpig.org>
alias me.roink "Adam Spiers" <roink@tigerpig.org>
alias me.hotmail "Adam Spiers, on hotmail" <adam_spiers@hotmail.com>
alias me.CPAN "Adam Spiers on CPAN" <aspiers@cpan.org>
#alias me.lehman "Adam Spiers, Lehman Brothers" <aspiers@lehman.com>
alias me.novell "Adam Spiers" <aspiers@novell.com>
alias adamspiers.org "Adam Spiers" <f@adamspiers.org>
alias me. "Adam Spiers" <f@adamspiers.org>
alias OLD.sms "Adam Spiers mobile via SMS gateway" <adam.spiers@eMobile.co.uk>

#alias me.guideguide "Adam Spiers, at guideguide" <aspiers@guideguide.com>
#alias me.musician "Adam Spiers" <adam.spiers@musician.org>
#alias me.ox "Adam Spiers" <adam.spiers@new.ox.ac.uk>
#alias me.oxford "Adam Spiers" <adam.spiers@new.oxford.ac.uk>

# }}}

# Everyone is classified by how I first met them.
# Roughly in chronological order.

# {{{ Relatives

alias daddy "Stuart Spiers" <stuart@spiers.net>

alias mummy "Liz Spiers" <liz@spiers.net>

alias thea.rncm "Thea Spiers" <SpiersT@rncm.ac.uk>
alias thea.spiers "Thea Spiers" <thea@spiers.net>
alias thea.yahoo "Thea Spiers" <theaspiers@yahoo.co.uk>
alias thea thea.yahoo

alias chloe.spiers "Chloe Spiers" <chloe@spiers.net>
alias chloe.yahoo "Chloe Spiers" <chloespiers@yahoo.co.uk>
alias chloe.hotmail "Chloe Spiers" <chloespiers@hotmail.com>
alias chloe chloe.spiers

alias family daddy, chloe, thea, ian

#alias ian.spiers.old "Ian Spiers" <ian@spiers.newnet.co.uk>
#alias ian.spiers "Ian Spiers" <ian@spiers.net>
alias ian.spiers Ian Spiers <ian.spiers@zen.co.uk>
alias ian ian.spiers

alias barry.spiers "Barry Spiers" <barry@spiers.net>
alias barry.spiers.work "Barry Spiers, at work" <flexdeck@intelog.com>
alias barry barry.spiers
#alias david.spiers "David Spiers" <duvido@home.com>
alias david.spiers "David Spiers" <daveyspiers@msn.com>

#alias daniel.spiers "Daniel Spiers" <dspiers9@home.com>
alias daniel.spiers "Daniel Spiers" <spiers900@rogers.com>
#
alias helen.oconnor.mayo "Helen O'Connor at work" <oconh@mayo.edu>
alias helen.oconnor.juno "Helen O'Connor at home" <helenoc@juno.com>
alias helen.oconnor helen.oconnor.juno
alias michael.oconnor "Michael O'Connor" <mkoconnor@mayo.edu>
alias niamh.oconnor "Niamh O'Connor" <sive99@yahoo.com>

alias david.griffith "David Griffith" <eppltd@indigo.ie>
alias nessa.griffith "Nessa Griffith" <ngriffith@ndc.ie>
#alias nessa.griffith2 "Nessa Griffith" <nessandc@iol.ie>

alias viv.mchugh "Viv McHugh" <vivmike@oceanfree.net>
alias michael.mchugh "Michael McHugh" <vivmike@oceanfree.net>

alias pat.griffith Pat Griffith <griffith@iol.ie>
alias dermot.rogers "Dermot Rogers" <dermotr@microsoft.com>

alias siobhan.supple "Siobhan Supple" <supple@iol.ie>

alias christina.french "Christina French" <realslim_16@hotmail.com>
alias mary.richardson Mary Richardson <MaryR@MS-society.ie>
alias barra.okeeffe "Barra O'Keeffe" <bocaoimh1@eircom.net>

alias relatives-in-Eire david.griffith, nessa.griffith, viv.mchugh, pat.griffith, siobhan.supple, barra.okeeffe, christina.french

alias sheila.davies "Sheila Davies" <SDAVI@doh.health.nsw.gov.au>
alias sheila.davies2 "Sheila Davies" <DaviesS@sesahs.nsw.GOV.AU>

alias peter.leckstein "Peter Leckstein" <pml@nildram.co.uk>
alias leonard.pearce "Leonard Pearce" <leanard@pearcel63.freeserve.co.uk>
alias david.horwich "David Horwich" <david.h.horwich@WellsFargo.COM>
alias deloris.horwich "Deloris Horwich" <dnhorwich@earthlink.net>
alias elise.horwich "Elise Horwich" <ehorwich@aol.com>

alias relatives-in-England leonard.pearce, peter.leckstein
alias relatives-in-UK relatives-in-England, relatives-in-Eire

# 3rd cousin, ex-Lehman lawyer
alias ken.pierce ken.pierce@cwt.com
# his brother is coder with his own company

# }}}
# {{{ Old schoolteachers

#alias jeremy.lund Jeremy Lund <jklund@globalnet.co.uk>
alias OLD.gilbert.roscoe "Gilbert Roscoe" <gilbert@sionix.demon.co.uk>
alias OLD.masw "Mike Schutzer-Weissmann" <MASW@shrwsbry.demon.co.uk>
alias OLD.john.moore John Moore <JFM@shrewsbury.org.uk>

# }}}

# {{{ Friends from home

# alias matthew.clay.old Matt Clay <m.clay@prsarchitects.com>
# alias matthew.clay.old2 Matt Clay <mclay@e-mango.com>
# alias matthew.clay.old3 Matt Clay <matt@clay76.freeserve.co.uk>
# alias matthew.clay Matt Clay <misterclay@ukonline.co.uk>
alias matthew.clay "Matthew Clay" <mattclay@hotmail.com>

#alias rowan.dennis Rowan Dennis <rozdennis@hotmail.com>
alias rowan.dennis Rowan Dennis <rosiesd@hotmail.com>

#alias dan.davies.old Daniel Davies <dddavies@students.jhubc.it>
#alias dan.davies.work Dan Davies <DaviesDD@bp.com>
alias dan.davies.lineone "Daniel Davies" <dddavies@lineone.net>
alias dan.davies.hotmail Dan Davies <dddavies@hotmail.com>
alias dan.davies.jhu "Daniel Davies" <ddavie12@jhu.edu>
alias dan.davies dan.davies.jhu

#alias julian.thompson "Julian Thompson" <julianthompson@doctors.net.com>
alias julian.thompson "Julian Thompson" <julianthompson@doctors.org.uk>
alias julian.thompson.hotmail "Julian Thompson" <julesthompson50@hotmail.com>

#alias jon.greenwell "Jonathan Greenwell" <J.R.Greenwell@mds.qmw.ac.uk>
alias OLD.alex.steele "Alex Steele" <ASTEELE@chelt.ac.uk>
#alias emma.perks "Emma Perks" <E.H.Perks@durham.ac.uk>
#alias matthew.bright "Matthew Bright" <matt@well.ox.ac.uk>
alias green.family "Richard/Alex/Kathy/Katie Green" <richard.green7@virgin.net>
alias alex.green "Alex Green" <richard.green7@virgin.net>
alias richard.green "Richard Green" <richard.green7@virgin.net>
alias richard.green.school "Richard Green, at school" <stlucias@aol.com>
alias katie.green "Katie Green" <green@burlington.org.uk>
alias stig "Stig (Peter) Edwards" <PEdwards@factset.com>

#alias di.north "Di North" <di@amaroo.demon.co.uk>

alias OLD.charles.gaskell "Charles Gaskell" <gaskell@gaskell.f9.co.uk>
alias OLD.stewart.dunn Stewart Dunn <info@sdunn.demon.co.uk>

alias dave.wilkie Dave Wilkie <dwilkie@closebrothers.co.uk>

alias home-party-friends matthew.clay, stig, alex.green, katie.green, julian.thompson
# rowan sprogged
# Dan away

# }}}
# {{{ NYO friends

alias annabel.borthwick Annabel Borthwick <afborth@hotmail.com>
alias annabel annabel.borthwick
alias bels annabel

alias matt.jones Matt Jones <mattojones@hotmail.com>

#alias heather.mcnaughton "Heather McNaughton" <heather.mcnaughton@merton.ox.ac.uk>

alias OLD.natasha.foster "Natasha Foster" <73420.3642@compuserve.com>

alias rosie.biss "Rosie Biss" <rosiebiss@yahoo.com>
alias rosie rosie.biss

alias malcolm.cross "Malcolm Cross" <malcolm_cross@hotmail.com>
alias malcs malcolm.cross

alias OLD.bourby.norman Bourby Norman <bourbynorman@hotmail.com>
alias OLD.rachel.norman bourby.norman

alias sali-wyn.ryan "Sali-Wyn Ryan" <sali.ryan@classicfm.com>
alias sali sali-wyn.ryan

alias oliver.wilson "Oliver Wilson" <wilson_ocj50@hotmail.com>
alias olly oliver.wilson

alias roger.proctor Roger Proctor <cubemusic@yahoo.com>

alias mary.owen Mary Owen <maryowen17@hotmail.com>
alias mary mary.owen

alias NYO-party-friends matt.jones, rosie, sali, olly, bels, mary

# }}}

# {{{ (Ex-)Oxford friends

alias OLD.nick.williams2 "Nick Williams" <nickhw@btinternet.com>

alias nick.mcgrogan.iname "Nick McGrogan" <nmcgrogan@iname.com>
alias nick.mcgrogan.yahoo "Nick McGrogan" <nick_mcgrogan@yahoo.co.uk>
alias nick.mcgrogan.bio "Nick McGrogan" <nicholas.mcgrogan@oxford-biosignals.com>
alias nick.mcgrogan.work nick.mcgrogan.bio
alias nick nick.mcgrogan.yahoo

# # 
#alias rachael.gulliver.old "Rachael Gulliver" <rachaelgulliver@hotmail.com>
#alias rachael.gulliver "Rachael Gulliver" <rg232@cam.ac.uk>
#alias rachael.gulliver "Rachael Schofield (nee Gulliver)" <jandrschofield@hotmail.com>
alias rachael.schofield rachael.gulliver

alias vicky.hamilton Victoria Hamilton <victoria.hamilton@stagetech.com>

alias stacey.work Stacey Steele <Stacey.Steele@bowne.com>
alias stacey.hotmail Stacey Steele <goldfish_74@hotmail.com>
alias stacey stacey.hotmail

#alias graeme.wearden Graeme Wearden <Graeme_Wearden@zdnet.com>
alias graeme.wearden Graeme Wearden <graeme.wearden@zdnet.co.uk>

alias tim.corbett-clark.thirdphase Timothy Corbett-Clark <tcorbettclark@thirdphase.com>
alias tim.corbett-clark Timothy Corbett-Clark <tim@corbettclark.com>
alias tcc tim.corbett-clark

alias giles.harrison Giles Harrison <giles.harrison@bbc.co.uk>

alias OLD.lindsey.napier "Lindsey Napier" <lnapier@hotmail.com>

alias ben.teasdale.bbc "Ben Teasdale" <ben.teasdale@bbc.co.uk>
alias ben.teasdale "Ben Teasdale" <ben@litpop.com>

alias ben.north.corelli "Ben North" <ben@corelli.new.ox.ac.uk>
alias ben.north.3com "Ben North" <Ben_North@eur.3com.com>
alias ben.north.home Ben North <ben@redfrontdoor.org>
alias ben.north.work Ben North <northb@sig.com>
alias ben ben.north.home

alias dave.lindgren "David Lindgren" <dave@kites.org.uk>
alias dave dave.lindgren

alias chris.cladingboel "Chris Cladingboel" <christopher.cladingboel@wadham.ox.ac.uk>

alias chris.hildrew "Chris Hildrew" <chris_hildrew@yahoo.com>

alias jo.sherratt.hotmail Joanna Sherratt <josherratt@hotmail.com>
alias jo.sherratt.notts Joanna Sherratt <mzytjls@nottingham.ac.uk>
alias jo.sherratt.bm "Joanna Sherratt" <jsherrat@ibl.bm>
#alias jo.sherratt.work Joanna Sherratt <jsherrat@CENTRERE.COM>
alias jo.sherratt jo.sherratt.hotmail

alias ivan.rockey Ivan Rockey <Ivan.Rockey@btinternet.com>
alias ivan.rockey.ECO "FAO: Ivan Rockey" <mail@e-c-orch.demon.co.uk>
alias ivan ivan.rockey
alias ives ivan.rockey

#alias sarah.metcalf.old-work "Sarah Metcalf" <s-metcalf@dfid.gov.uk>
alias sarah.metcalf "Sarah Metcalf" <sarsli@hotmail.com>
alias sarsli sarah.metcalf
alias ian.macmullen "Ian MacMullen" <ian_macmullen@hotmail.com>
alias tim.lucas "Tim Lucas" <lucatim_uk@yahoo.co.uk>
alias jeremy.cave "Jeremy Cave BROKEN ADDRESS" <jeremy.cave@fandc.com> #broken address
alias sarah.hudson "Sarah Hudson" <Sarahhudson4@aol.com>
alias kath.noble "Kath Noble" <kath_noble@hotmail.com>

#alias jessie.hadley.old Jess Hadley <jhadley@uvic.ca>
#alias jessie.hadley.hotmail Jess Hadley <jessiekate@hotmail.com>
alias jessie.hadley Jess Hadley <jess@heretics.ca>

alias bear.home "Bear North" <bear@redfrontdoor.org>
alias bear.corelli "Bear" <bear@corelli.new.ox.ac.uk>
alias bear.hotmail "Bear" <bearbolton@hotmail.com>
alias bear.parents "Mike Bolton, Bear's dad" <mbolton@iol.ie>
alias bear.work.old "Bear North, at work" <bolton@susq.com>
alias bear.work "Bear North, at work" <north@sig.com>
alias bear bear.home

alias OLD.tango "Tango Fawcett, Bear's sister" <tango.fawcett@btinternet.com>
alias OLD.bears.aunt "Bear at Hilary Stephen's" <hilary@arc.net.au>

alias OLD.kevin.barsby "Kevin Barsby" <kevin.barsby@hummingbird-it.co.uk>
#alias kevin.barsby "Kevin Barsby" <kevin.barsby@fjcomp.com>

#alias tania.abrahams Tania Abrahams <taniaabrahams@hotmail.com>

alias olimpia.lindgren Oli Dickson <olimpia.lindgren@sainsburys.co.uk>
alias oli olimpia.lindgren

alias peronel.craddock "Peronel Craddock" <peronel@mgp.ltd.uk>
alias peronel.smith peronel.craddock
alias peronel peronel.craddock
alias mat.craddock Mat Craddock <matthew.craddock@uk.pwcglobal.com>

alias nick.collins Nick Collins <nick@sicklincoln.org>
alias nick.collins.hotmail Nick Collins <nickcollins@hotmail.com>
alias nick.collins.mac Nick Collins <nicolocollinsi@mac.com>
alias nick.collins.mdx Nick Collins <n.collins@mdx.ac.uk>

alias OLD.matthew.kirkwood Matthew Kirkwood <weejock@ferret.lmh.ox.ac.uk>
alias OLD.matthew.kirkwood Matthew Kirkwood <weejock@ferret.lmh.ox.ac.uk>
alias OLD.weejock matthew.kirkwood
alias OLD.jock matthew.kirkwood

alias OLD.chris.evans.ferret "Chris Evans" <chris@ferret.lmh.ox.ac.uk>
alias OLD.chris.evans "Chris Evans" <chris@scary.beasts.org>

alias OLD.paul.eastham "Paul Eastham" <pre23@cam.ac.uk>

alias harry.yeates Harry Yeates <Harry.Yeates@rbi.co.uk>
alias barny.hollington.filtered Barny Hollington <b_hollington@hotmail.com>
alias barny.hollington Barny Hollington <brnhllngtn@aol.com>

alias becky.leyton Becky Leyton <beckyleyton@aol.com>
alias bokc.leyton becky.leyton

alias ben.levy Ben Levy <benlevy1@hotmail.com>

alias gussie.harris "Gussie Harris" <guswhateverharris@yahoo.co.uk>
alias gussie gussie.harris

alias kelly.thompson "Kelly Thompson" <oxkelly@hotmail.com>

alias Oxford-party-friends nick, vicky.hamilton, rachael.schofield, graeme.wearden, giles.harrison, ben.teasdale, dave, oli, ives, tim.lucas, jeremy.cave, sarah.hudson, kath.noble, peronel, mat.craddock, nick.collins, jo.sherratt, sarsli, lindsey.napier, ben.levy, gussie, kelly.thompson
# ben, bear too busy with Meg this time

# }}}
# {{{ New College colleagues

alias wilson "Wilson Sutherland" <wilson.sutherland@new.ox.ac.uk>
alias OLD.geraint "Geraint Jones" <geraint.jones@comlab.ox.ac.uk>
alias OLD.david.gavaghan "David Gavaghan" <gavaghan@vax.ox.ac.uk>

alias james.dore "James Dore, New College sysadmin" <james.dore@new.ox.ac.uk>

alias OLD.chris.tromans Chris Tromans <chris@corelli.new.ox.ac.uk>

alias OLD.majordomo.ox Oxford Majordomo <majordomo@maillist.ox.ac.uk>
alias OLD.ncsec "Barbara Vardag, New College Secretary" <barbara.vardag@new.ox.ac.uk>
alias OLD.barbara.vardag "Barbara Vardag, New College Secretary" <barbara.vardag@new.ox.ac.uk>
alias OLD.alastair.white "Alastair White" <alastair.white@new.ox.ac.uk>

# }}}
# {{{ University-wide acquaintances

alias OLD.ruth.porter "Ruth Porter (OUCS contact for New College)" <ruth.porter@oucs.ox.ac.uk>
alias malcolm.beattie "Malcolm Beattie" <mbeattie@clueful.co.uk>
alias OLD.jan.grothusen "Jan Grothusen" <jan@robots.ox.ac.uk>
alias OLD.robin.watts "Robin Watts" <robin.watts@comlab.ox.ac.uk>
alias OLD.pete.biggs Pete Biggs <pete@physchem.ox.ac.uk>
alias OLD.geoff.lescott Geoff Lescott <geoff.lescott@computing-services.oxford.ac.uk>
alias OLD.darren.nickerson "Darren Nickerson" <dnicker@ermine.ox.ac.uk>
alias OLD.darren.nickerson.balliol Darren Nickerson <darren.nickerson@balliol.ox.ac.uk>
alias OLD.ganesh.sittampalam Ganesh Sittampalam <ganesh.sittampalam@magd.ox.ac.uk>

alias OLD.gervase.markham Gervase Markham <gerv@gerv.net>

#alias OLD-robin.stevens.astro Robin Stevens <rejs@astro.ox.ac.uk>

alias OLD.jamie.lokier Jamie Lokier <jamie@comlab.ox.ac.uk>

# }}}
# {{{ Official university email addresses

alias OLD.advisory OUCS Advisory Service <advisory@computing-services.oxford.ac.uk>
alias OLD.user.registration "User Registration, OUCS" <user.registration@computing-services.oxford.ac.uk>
alias OLD.oxcert "OxCERT" <oxcert@ox.ac.uk>
alias OLD.hostmaster "OUCS host administration" <hostmaster@ox.ac.uk>

# }}}

# {{{ RAM friends

#alias yan.fitterer.ram "Yan Fitterer" <y.fitterer@ram.ac.uk>
#alias yan.fitterer.u-net Yan Fitterer <y.fitterer@ithut.u-net.com>
alias yan.fitterer.home Yan Fitterer <yan@fitterer.org>
alias yan.fitterer.novell Yan Fitterer <yfitterer@novell.com>
alias yan yan.fitterer.novell

alias nick.byrne Nick Byrne <kaptainbirdeye@hotmail.com>
alias paul.newbold Paul Newbold <Paul.Newbold@unilever.com>

alias OLD.sharon.worrall Sharon Worrall <nenoch@netvision.net.il>

alias kirsten.lestrange Kirsten LeStrange <kirstenlestrange@hotmail.com>
alias kirsty kirsten.lestrange

alias sarah.hammel Sarah Hammel <naomihammel@hotmail.com>

alias ailsa.murdoch Ailsa Murdoch <ailsa.murdoch@virgin.net>

alias mat.heighway Mat Heighway <meticulous@freeuk.com>

alias conny.lindgren Conny Lindgren <connylindgren@yahoo.com>

alias rosie.banks "Rosie Banks" <rosiebanks@hotmail.com>


#alias lindsay.wood.RAM Lindsay Wood <l.wood@ram.ac.uk>
alias lindsay.wood.hotmail Lindsay Wood <lawood79@hotmail.com>
alias lindsay.wood.RH "Lindsay Wood, at work" <lindsayw@richardhouse.org.uk>

#alias linz.RAM lindsay.wood.RAM
alias linz.hotmail lindsay.wood.hotmail
alias linz.both linz.hotmail, linz.RH
alias linz linz.both

alias mike.francis Mike Francis <mjfrancis@onetel.net.uk>

alias roderick.chadwick Roderick Chadwick <RoderickJC@aol.com>

alias katie.chatburn Katie Chatburn <katie@acm.ac.uk>
alias katie.chatburn2 Katie Chatburn <porcelina51@hotmail.com>

alias laura.stanford Laura Stanford <lollydrofnats@hotmail.com>

alias matt.shlomowitz Matthew Shlomowitz <mshlom@hotmail.com>
alias shlom matt.shlomowitz

alias nikki.gleed "Nikki Gleed" <nikkigleed@yahoo.co.uk>

alias RAM-party-friends nick.byrne, linz.both, mike.francis, kirsty, shlom, laura.stanford, roderick.chadwick, katie.chatburn, nikki.gleed

# }}}
# {{{ RAM staff

# admin

alias RAM.mike.cherry Mike Cherry <m.cherry@ram.ac.uk>
alias RAM.estates RAM Estates Office <estates@ram.ac.uk>
alias RAM.registrar "Philip White, Registrar for the RAM" <p.white@ram.ac.uk>

# teachers

alias philip.sheppard Philip Sheppard <phil@bluesnow.easynet.co.uk>
alias colin.carr Colin Carr <ccarr@atlas.co.uk>
alias david.strange David Strange <d.strange@ram.ac.uk>
alias cello-teachers philip.sheppard, colin.carr, david.strange

# }}}
# {{{ Music friends

alias heather.badke Heather Badke <heatherbadke@hotmail.com>

alias OLD.paul.skinner Paul Skinner <paulski@supanet.com>

alias samy.bishai Samy Bishai <s_bishai@hotmail.com>

alias claire.roff Claire Roff <claire_roff@hotmail.com>

alias david.lasserson David Lasserson <davidlasserson@hotmail.com>

alias nick.rippon "Nick Rippon" <nicholas.rippon@tinyworld.co.uk>

# Dan Watt's boyfriend
alias brady.pohle "Brady A Pohle" <brady.pohle@herbertsmith.com>

alias sally.woods "Sally Woods" <sallywoods@hotmail.com>
alias catrin.morgan "Catrin Morgan" <catrinwinmorgan@hotmail.com>
alias matt.brice "Matt Brice" <matthew.brice@orange.net>
alias paloma.deike "Paloma Deike" <palomapalomapaloma@hotmail.com>
alias gabi.maas.cambridge "Gabi Maas" <lgm24@cam.ac.uk>
alias gabi.maas.aol "Gabi Maas" <lucygabrielle@aol.com>
alias claire.fillhart "Claire Fillhart" <clairefillhart@orange.net>

alias barak.schmool Barak Schmool <barak@f-ire.com>

alias music-party-friends claire.roff, david.lasserson, brady.pohle, livia.harris, heather.badke, nick.rippon, sally.woods, catrin.morgan, paloma.deike

# }}}
# {{{ Other London friends

alias livia.harris Livia Harris <liviaharris@yahoo.co.uk>

alias OLD.sarah.boxall "Sarah Boxall" <Sarahb@Keltie.com>
alias OLD.martin.grainger Martin Grainger <martin@fanbelt.freeserve.co.uk>

# alias emma.cullender Emma Cullender <redneluc@globalnet.co.uk>
# # 
alias OLD.jessica.ong Jessica Ong <jessica.ong@freshfields.com>

alias josie.lyons Josephine Lyons <josephine_lyons@hotmail.com>

alias isabel.wilson Isabel Wilson <isabel.wilson@turtleyoga.org>

# }}}
# {{{ Foreign friends

alias miriam Miriam <Diamond5475@aol.com>

# }}}
# {{{ Jersey friends

alias OLD.ron.hickman Ron Hickman <tekron@ic24.net>

alias OLD.sonia "Sonia (JSO)" <pg004593@sghms.ac.uk>

# }}}
# {{{ Endellion friends

alias matthew.pay Matthew Pay <matthew.pay@videonetworks.com>

alias joanna.warden.hotmail Jo Warden <joannawarden@hotmail.com>
alias joanna.warden.aol Jo Warden <wardenjoanna1809@aol.com>
alias joanna.warden joanna.warden.aol

alias anne-marie.cullum "Anne-Marie Cullum" <anniec30@hotmail.com>

#alias rose.redgrave "Rose Redgrave" <adrian.rose@muirkirkroad.freeserve.co.uk>
alias clare.raybould "Clare Raybould" <clareraybould@bigfoot.com>

alias lizzie.kerr Lizzie Kerr <lizziekuk@yahoo.com>

#alias kirsten.salter "Kirsten Salter" <Kirsten.Salter@emic.co.uk>
alias kirsten.salter "Kirsten Salter" <kirsten@naxos.co.uk>
alias tom.hickox "Tom Hickox" <tomhickox@hotmail.com>
alias ben.rogerson "Ben Rogerson" <benedictrogerson@yahoo.com>

alias inga.taylor.work Inga Taylor <itaylor@mxbex.com>
alias inga.taylor Inga Taylor <ingataylor@hotmail.com>

# When I stayed in Myrtledene (Easter 2004 I think)
alias myrtledene <ian.bysh@advantage-business.co.uk>, <duncan_french@djf.ndo.co.uk>, <mike@theeurekafactor.com>, <nickidivett@fulham73.freeserve.co.uk>, joanna.warden, inga.taylor, anne-marie.cullum

# Orchestra
alias jessica.townsend "Jessica Townsend" <jtownsend@rcm.ac.uk> # clarinet
alias katherine.barnecutt "Katherine Barnecutt" <kbarnecutt@hotmail.com> # viola, Jeremy
alias celia.birkinshaw "Celia Birkinshaw" <Celia.Birkinshaw@dorset.pnn.police.uk> # bassoon
alias nancy.buchanan "Nancy Buchanan" <nancybuchanan@hotmail.com> # violin, Morris Minor
alias jane.dickinson "Jane Dickinson" <Jane@ajd-ophth.freeserve.co.uk>
alias claire.gibb "Claire Gibb" <clairegibb@hotmail.com> # french horn
alias andre.harries "Andre Harries" <andre.h@messages.co.uk> # gave me a lift
alias sandy.macdonald "Sandy MacDonald" <sandymacdonald@lineone.net> # lute!
alias peter.markham "Peter Markham" <peter@markham-home.fslife.co.uk>
alias stewart.mcilwham "Stewart McIlwham" <stewart@mcilwham37.fsnet.co.uk> # flute, Rachel Ives
alias alice.neary "Alice Neary" <alice@tneary.fsnet.co.uk> # cello
alias deborah.white "Debbie White" <debwhite76@hotmail.com> # violin
alias linden.guest "Linden Guest" <linden@kiwismail.com> # violin
alias tim.steggals "Tim Steggals" <timsteggals@btinternet.com> # principal cello, curly hair
alias mark.robinson "Mark Robinson" <kramrob@hotmail.com> # Percussion, Linz's Mark

# "Ali Lee-Browne" <aleebrowne@aol.com> # bassoon
# Andre Harries <andre.h@messages.co.uk> # lawyer, violin, gave me a lift in his fast car!
# Andrew Uttley <andrew@ajd-amu.freeserve.co.uk> # violin

# Still orchestra, but who?
# alias lewis.edney "Lewis Edney" <ledney2000@yahoo.co.uk>
# alias claire.hawkes "Claire Hawkes" <claire@tropic.org.uk>
#       Claire Hawkes <claire@clairehawkes.com>
# alias laura.newton "Laura Newton" <L.Newton@unn.ac.uk>
# alias max.pitcher "Max Pitcher" <pitcher1@breathemail.net>
# alias james.ranson "James Ranson" <j_f_ranson@hotmail.com>
# alias ian.sandbrook "Ian Sandbrook" <isandbrook@ukonline.co.uk>
# Ben Palmer <conductor_composer@hotmail.com>
# shulah oliver <shulaho@hotmail.com> # violin

alias meg.hamilton Meg Hamilton <megrosaleen@hotmail.com>
alias triona.milne Triona Milne <treemilne@hotmail.com>

alias tom.guthrie <tom@thomasguthrie.com>
# These good people sponsored me or made a pledge
alias Endellion-marathon-sponsors-2004 <stewart@mcilwham37.fsnet.co.uk>, tom.guthrie, <hilary.bentley@gartmore.com>, <colin.fleming@creditlyonnais.co.uk>, Dominic <devers@nspcc.org.uk>, <peter.howell@write-away.org>, tom.hickox, matthew.pay, <coghlanangie@aol.com>, <thorsten@terweiden.de>, <Jane.Dickinson@ncl.ac.uk>, oliver.wilson, annabel.borthwick, <jemima.peterken@virgin.net>, <jjp@ipswich.suffolk.sch.uk>, <harrymooregwyn@aol.com>, clare.raybould, ben.rogerson, michael.borthwick, <rjmbutler@aol.com>, <elaineft@mac.com>, myrtledene, <susanna.twiddy@zoo.ox.ac.uk>

alias Endellion-party-friends clare.raybould, ben.rogerson, tom.hickox, matthew.pay, joanna.warden, anne-marie.cullum, claire.gibb, meg.hamilton, triona.milne

# Friends from Easter Festival 2005
alias Endellion-marathon-2005 tom.guthrie, tom.hickox, matthew.pay, annabel.borthwick, <jemima.peterken@virgin.net>, <harrymooregwyn@aol.com>, clare.raybould, michael.borthwick, <ian.bysh@advantage-business.co.uk>, <mike@theeurekafactor.com>, joanna.warden, inga.taylor, anne-marie.cullum, mary.owen, claire.gibb, nancy.buchanan, kirsten.salter, katherine.barnecutt, alice.neary, linden.guest, mark.robinson, mary.owen

# }}}
# {{{ Musical acquaintances

alias michael.borthwick.btopenworld "Michael Borthwick" <maborth@btopenworld.com>
alias michael.borthwick "Michael Borthwick" <m@borthwick.org>
alias john.hargreaves "John Hargreaves" <musicmaestros@netscapeonline.co.uk>
alias adrian.warrick Adrian Warrick <awarrick@argonet.co.uk>
alias gareth.jones Gareth Jones <jones@garethd.freeserve.co.uk>
alias luis.leguia Luis Leguia <luisleguia@hotmail.com>

# }}}
# {{{ Running friends/acquaintances

alias OLD.marc.allison "Marc Allison" <Marc_Allison@standardandpoors.com>
alias OLD.chris.williamson "Chris Williamson" <C.M.Williamson@btinternet.com>
alias OLD.cecilia.desuiza "Cecilia deSuiza" <Cecilia.deSuiza@ubs.com>


# Nick Blackwell
# Pete McHugh
# James Brown
# Gary McGhee

# Art of Running, Malcolm Balk
alias andrew.shields "Andrew Shields" <andrewshields@timeout.com>

# }}}
# {{{ Computing

# {{{ Novell

# {{{ LST

alias swat-emea Linux SWAT team EMEA <swat-emea@lists.novell.com>
alias lst swat-emea

# Managers
alias phil.zamani Phil Zamani <PZamani@novell.com>
alias pz phil.zamani

alias andreas.nemeth Andreas Nemeth <andreas.nemeth@novell.com>
alias an andreas.nemeth

alias michael.jores "F.-Michael Jores" <Michael.Jores@novell.com>
alias mj michael.jores

alias managers pz, an, mj

# Architects

alias matthias.eckermann "Matthias G. Eckermann" <mge@novell.com>
alias mge matthias.eckermann

alias manfred.hollstein Manfred Hollstein <mh@novell.com>
alias manfred.hollstein.personal Manfred Hollstein <manfred@die-hollsteins.de>
alias mh manfred.hollstein

alias peter.schinagl Peter Schinagl <peters@suse.de>
alias ps peter.schinagl

alias till.franke Till Franke <till.franke@novell.com>
alias tf till.franke

alias architects mh, mge, tf, ps

# }}}
# {{{ UK

# Technical Specialists
alias brian.green Brian Green <bgreen@novell.com>
alias matt.mckenzie Matt McKenzie <mmckenzie@novell.com>
alias dan.homolka Dan Homolka <Dan.Homolka@novell.com>
alias chris.hyde Chris Hyde <chyde@novell.com>
alias paul.marshall Paul Marshall <PMarshall@novell.com>

alias uklinux matt.mckenzie, dan.homolka, paul.marshall
alias ukts UK TS team <UKB-SysEng@novell.com>

# Managers
alias chris.papayianni "Chris Papayianni" <cpapayianni@novell.com>
alias paul.roberts Paul Roberts <proberts@novell.com>
alias tony.dunn Tony Dunn <tdunn@novell.com>

# Partners / Alliances
alias owain.mcguire Owain McGuire <omcguire@novell.com>
alias steve.gaines Steven Gaines <sgaines@novell.com>
alias peter.regent Peter Regent <PRegent@novell.com>
#alias clare.tinker Clare Tinker <CTinker@novell.com>
alias denise.hand Denise Hand <dhand@novell.com>

# Channel
alias sally.donohoe Sally Donohoe <SDonohoe@novell.com>

# Financial Services
alias andrew.voysey Andrew Voysey <avoysey@novell.com>
alias andy.voysey andrew.voysey
alias av andy.voysey
alias allan.hunter Allan Hunter <ahunter@novell.com>
alias david.winter David Winter <dwinter@novell.com>
alias andy.fleet Andrew Fleet <afleet@novell.com>
alias af andy.fleet

# Account managers
alias dave.nicholls David Nicholls <dnicholls@novell.com>
alias simon.lidgett Simon Lidgett <slidgett@novell.com>
alias katrina.joiner Katrina Joiner <kjoiner@novell.com>
alias sean.mccarry Sean McCarry <SMcCarry@novell.com>
alias leo.moccia Leo Moccia <LMoccia@novell.com>
alias jo.meaneaux Jo Meaneaux <jmeaneaux@novell.com>
alias mark.conlan Mark Conlan <mconlan@novell.com>

# Consulting
alias jimmie.hay Jimmie Hay <jhay@novell.com>
alias peter.connolly Peter Connolly <pconnolly@novell.com>
alias adrian.keward Adrian Keward <akeward@novell.com>
alias ak adrian.keward
# Yan is elsewhere

# NTS
alias roger.whittaker Roger Whittaker <rwhittaker@novell.com>
alias aran.stephens Aran Stephens <AStephens@novell.com>
alias marcus.naris Marcus Naris <mnaris@novell.com>
alias rob.webb Rob Webb <rwebb@novell.com>
alias jon.ervine Jonathan Ervine <jervine@novell.com>

# IS&T
alias simon.crute Simon Crute <scrute@novell.com>
alias keith.humphrey Keith Humphrey <khumphrey@novell.com>

# Marketing
alias nickie.wing Nickie Wing <NWing@novell.com>
alias sophie.lawson Sophie Lawson <slawson@novell.com>

# Admin
alias jodie.walsh Jodie Walsh <jwalsh@novell.com>
alias deborah.thomas Deborah Thomas <DThomas@novell.com>
alias jamie.slade Jamie Slade <jslade@novell.com>
alias rachel.berry Rachel Berry <RBerry@novell.com>
alias donna.belony Donna Belony <DBelony@novell.com>
alias trevor.vanderplank Trevor Vanderplank <tvdplank@novell.com>
alias mark.godden Mark Godden <mgodden@novell.com>

# }}}
# {{{ EMEA

alias tom.francese "Tom Francese" <TFrancese@novell.com>
alias alison.mcdougall Alison McDougall <amcdougall@novell.com>
alias markus.rex Markus Rex <msrex@suse.de>

alias jo.de.baer Jo de Baer <jdebaer@novell.com>
alias jdb jo.de.baer

alias kurt.garloff Kurt Garloff <garloff@suse.de>
alias jochen.schaefer Jochen Schaefer <jschaef@novell.com>

alias naji.almahmoud Naji Almahmoud <nalmahmoud@novell.com>

alias stephanie.schatz Stephanie Schatz <Stephanie.Schatz@novell.com>
alias stephanie.schatz.ctp Stephanie Schatz <Stephanie.Schatz@ctp.com>

alias roman.drahtmueller Roman Drahtmueller <draht@suse.de>
alias holger.dyroff Holger Dyroff <hd@novell.com>
alias hans.krogull Hans Krogull <HKrogull@novell.com>
alias markus.wachovius "Markus Wachovius" <markus.wachovius@novell.com>

alias isabelle-caroline.von.weber Isabelle-Caroline von Weber <ivonweber@novell.com>

alias marcus.meissner Marcus Meissner <meissner@suse.de>
alias stefan.horn Stefan Horn <SHorn@novell.com>

alias don.morrison Don Morrison <DMorrison@novell.com>

alias greg.kh Greg Kroah-Hartman <gregkh@suse.de>

alias matthias.nagorni Matthias Nagorni <mana@novell.com>
alias mana matthias.nagorni

alias michael.meeks Michael Meeks <mmeeks@novell.com>

alias philippe.desmaison Philippe Desmaison <PDesmaison@novell.com>

# }}}
# {{{ Lists

alias cloc-list "CLOC list" <cloc@lists.novell.com>
alias linux-list "Linux list" <linux@lists.novell.com>
alias linux-server "Linux server list" <linux-server@lists.novell.com>
alias linux-desktop "Linux desktop list" <linux-desktop@lists.novell.com>
alias virtualization-xen "Xen virtualization list" <virtualization-xen@lists.novell.com>
alias open-source-community "Open Source Community list" <Open-source-Community@lists.novell.com>
alias financial-services-community "Finance Services Community list" <financial-services-community@lists.novell.com>

alias UK-FS-extended-team "UK Financial Services Extended Team" <DL-UK_Financial_Services_Extended_Team@novell.com>
alias UK-FS-core-team "UK Financial Services Core Team" <DL-UK_Financial_Services_Core_Team@novell.com>

# }}}
# {{{ US

alias chantal.fera Chantal Fera <cfera@novell.com>
alias jd.nyland JD Nyland <JDNyland@novell.com>
alias richard.jones Richard Jones <rjones@novell.com>
alias bob.bianchi Bob Bianchi <bbianchi@novell.com>
alias sam.andrus Sam Andrus <sandrus@novell.com>
alias andre.hill Andre Hill <ahill@novell.com>
alias robert.wipfel Robert Wipfel <rawipfel@novell.com>
alias justin.steinman Justin Steinman <JSteinman@novell.com>
alias bryan.cardoza Bryan Cardoza <bcardoza@novell.com>
alias mark.longwell Mark Longwell <mlongwell@novell.com>
alias michael.deis Michael Deis <mdeis@novell.com>
alias djamel.souici "Djamel Souici" <DSouici@novell.com>,
alias dave.lewis Dave Lewis <dclewis@novell.com>
alias patrick.mcbride Patrick McBride <pmcbride@novell.com>
alias roger.levy Roger Levy <rlevy@novell.com>
alias hal.bennett Hal Bennett <hbennett@novell.com>
alias greg.jones Greg Jones <gsjones@novell.com>
alias amy.cottle Amy Cottle <acottle@novell.com>
alias jeff.jaffe Jeff Jaffe <jjaffe@novell.com>
alias moiz.kohari Moiz Kohari <mkohari@novell.com>
alias carl.drisko Carl Drisko <cdrisko@novell.com>
alias joe.wagner Joe Wagner <jwagner@novell.com>
alias wendy.case Wendy Case <WCase@novell.com>
alias guy.lunardi Guy Lunardi <glunardi@novell.com>

# }}}
# {{{ Associated companies

alias paul.treadgold Paul Treadgold <Paul.Treadgold@gossfs.co.uk>
alias lisa.crispino Lisa Crispino <Lisa.Crispino@atpi.com>
alias ivo.meekel Ivo Meekel <ivo.meekel@calyx.ie>
alias annette.lynch Annette Lynch <annette.lynch@calyx.ie>

# }}}
# {{{ Customers/partners

# {{{ Concurrent

alias birgit.grossmann "Birgit Grossmann" <birgit.grossmann@ccur.de>
alias gary.beerman "Gary Beerman" <gary.beerman@ccur.com>
alias mike.popescu Mike Popescu <mike.popescu@ccur.de>
alias gerd.dolezal Gerd Dolezal <gerd.dolezal@ccur.de>
alias lars.lorenzen Lars Lorenzen <lars.lorenzen@ccur.de>
alias mike.duvall Mike Duvall <michael.duvall@ccur.com>
alias caroline.court Caroline Court <caroline.court@ccur.com>

# }}}
# {{{ HP

alias eva.beck Eva Beck <Eva.Beck@hp.com>
alias terry.young Terry Young <Terry.Young@hp.com>

# }}}
# {{{ BT

alias tim.oldham Tim Oldham <tim.oldham@bt.com>
alias ashok.patel Ashok Patel <ashok.3.patel@bt.com>

# }}}
# {{{ BladeLogic

alias mark.jeffery Mark Jeffery <MJeffery@Bladelogic.com>
alias mark.hosking Mark Hosking <MHosking@Bladelogic.com>

# }}}

alias alex.broad Alex Broad <abroad@messagelabs.com>

# }}}

# }}}
# {{{ JPMC

alias john.ohara "John O'Hara" <john.r.ohara@jpmorgan.com>

# }}}
# {{{ Lehman Brothers

alias kordian.witek.work Kordian Witek <kordian.witek@gs.com>
alias kordian.witek Kordian Witek <kordy@kordian.com>
alias duncan.young.home Duncan Young <duncan@duncanyoung.com>
alias alan.champion Alan Champion <achampio@lehman.com>

alias mihai.georgian Mihai Georgian <mihgeo@interlog.com>

alias dan.beimborn Dan Beimborn <dan@beimborn.com>
#alias dan.beimborn.lehman2 Dan Beimborn <dan.beimborn@lehman.com>
#alias dan.beimborn.lehman Dan Beimborn <dbeimbor@lehman.com>
alias dan.beimborn.celtic Dan Beimborn <Dan@Celticmusic.com>
alias dan.beimborn.citadel Dan Beimborn <Dan.Beimborn@citadelgroup.com>

alias james.hickie.lehman James Hickie <jhickie@lehman.com>
alias carl.marino Carl Marino <cmarino@group14.co.uk>
alias louise.lee "Louise Lee" <llee_se1@yahoo.com>
alias chris.johnston.home "Chris Johnston" <cjohnston@nextex.com>

alias gema.lopez-sanz "Gema Lopez-Sanz" <gema@lopez-sanz.com>

alias ian.stewart "Ian Stewart" <ian.stewart@cheynecapital.com>

alias andy.bush Andy Bush <andy_bush@bigfoot.com>
alias pete.mchugh Pete McHugh <PMchugh@lehman.com>

alias andy.brown "Andy Brown" <andyb999@btconnect.com>
alias brett.sealey "Brett Sealey" <bretts@mortbay.com>
alias robert.adler "Robert Adler" <robert_adler@yahoo.com>
#alias julian.morris "Julian Morris" <julian.morris@db.com>
alias julian.morris "Julian Morris" <jules@mozz.co.uk>
alias julian.morris.merrill Julian Morris <Julian_Morris@ml.com>

alias rob.tunstall "Rob Tunstall" <robtun@yahoo.com>
alias rob.tunstall.sc "Rob Tunstall" <rob.tunstall@uk.standardchartered.com>

alias nicky.kovacs-gaspar.lehman "Nicky Kovacs-Gaspar" <nicola.kovacsgaspar@lehman.com>
alias nicky.kovacs-gaspar "Nicky Kovacs-Gaspar" <nickygaspar@hotmail.com>
alias dave.mclennan "David McLennan" <dmclenna@lehman.com>

alias toby.riddell Toby Riddell <Toby.Riddell@barclayscapital.com>
alias dave.wishart.ubs Dave Wishart <David.Wishart@ubs.com>
alias leon.cowle Leon Cowle <leon@leolizma.com>

alias nick.blackwell.lehman Nick Blackwell <nblackwe@lehman.com>
alias nicole.siebel Nicole Siebel <nicole.siebel@lehman.com>
alias anthony.warden "Anthony Warden" <Awarden@Lehman.com>

alias lorenz.moore.lehman "Lorenz Moore" <lorenz.moore@lehman.com>
alias vanessa.bell Vanessa Bell <vbell@lehman.com>
alias james.hall James Hall <james.hall@lehman.com>

# }}}
# {{{ Egenera

alias ken.robson.net    "Ken Robson" <ken@robson.net>
# sleepingbarber
alias ken.robson.lehman "Ken Robson" <krobson@lehman.com>

# }}}
# {{{ Orange Genie

alias OLD.payroll Orange Genie Payroll <payroll@orangegenie.com>
alias OLD.tina.patel Tina Patel - OG <tina.patel@orangegenie.com>

# }}}
# {{{ Aston Carter

alias jeff.harrod Jeff Harrod <jharrod@astoncarter.co.uk>
alias jeff.harrod.home Jeff Harrod <jeff_harrod2002@yahoo.co.uk>
alias jason.yank Jason Yank <jyank@astoncarter.co.uk>
alias nina.loi Nina Loi <nloi@astoncarter.co.uk>

# }}}
# {{{ Huxley

alias peter.barker Peter Barker <p.barker@huxley.com>
alias joanna.cohen Joanna Cohen <j.cohen@huxley.com>

# }}}

# {{{ Old

# {{{ cmed

alias OLD.gareth.hughes Gareth Hughes <ghughes@cmedltd.com>

# }}}
# {{{ guideguide

# {{{ people

#alias christof.damian "Christof Damian" <cdamian@guideguide.com>
alias OLD.christof.damian "Christof Damian" <christof@damian.net>
alias OLD.cdamian christof.damian
alias OLD.xtof christof.damian

# alias thomas.damian "Thomas Damian" <tdamian@guideguide.com>
# alias tdamian thomas.damian
# # 
# alias mikel.hecken "Mikel Hecken" <mhecken@guideguide.com>
# alias mhecken mikel.hecken

alias andy.mcfarland "Andy McFarland" <andy@slab.org>
alias andym andy.mcfarland

alias mark.hulme-jones.markhj "Mark Hulme-Jones" <mark@markhj.com>
alias mark.hulme-jones.lehman "Mark Hulme-Jones" <mark.hulmejones@lehman.com>
alias mark.hulme-jones.gmail  "Mark Hulme-Jones" <markhj@gmail.com>
alias mark.hulme-jones mark.hulme-jones.markhj
alias mjones mark.hulme-jones
#alias ture Mark Hulme-Jones <mjones@ture.org>
alias ture mark.hulme-jones
alias recoil mark.hulme-jones

alias rob.partington Rob Partington <rjp@plig.net>
alias basho rob.partington
#=computer-work/rob.partington

alias OLD.nathan.carr Nathan Carr <nathan@nowt.net>
alias OLD.ncarr nathan.carr
alias OLD.nomad nathan.carr

# alias luke.robinson Luke Robinson <lrobinson@guideguide.com>
# alias luke luke.robinson
# alias lrobinson luke.robinson
# 
# alias rob.ryan Rob Ryan <rryan@guideguide.com>
# alias rryan rob.ryan
# alias rollmop rob.ryan
# 
# alias christian.allen Christian Allen <callen@guideguide.com>
# alias callen christian.allen
# alias pershino christian.allen
# 
# alias OLD.matt.copping Matt Copping <matt@frontgarden.net>
alias OLD.mcopping matt.copping

# alias alix.poscharsky Alix Poscharsky <alix@guideguide.com>
# alias youssou alix.poscharsky
# 
# alias rob.andrews Rob Andrews <randrews@guideguide.com>
# alias nine rob.andrews
# 
# alias astrid.otoole "Astrid O\'Toole" <aotoole@guideguide.com>
# 
# alias sven.hessler "Sven Hessler" <shessler@guideguide.com>
# 
alias ben.simpson "Ben Simpson" <ben@hy-street.net>

alias jasper.mccrea.gmail Jasper McCrea <jaspermccrea@gmail.com>
alias jasper.mccrea "Jasper McCrea" <j@mccrea.demon.co.uk>

alias OLD.anita.dhillon Anita Dhillon <spokeydokey@yahoo.com>

# alias anthony.gardner Anthony Gardner <agardner@guideguide.com>
# alias agardner anthony.gardner
# 
# alias roland.gockel Roland Gockel <rgockel@guideguide.com>
# 
# }}}
# {{{ other

# subscribe ggdev ggnews gg-uk codereview
# mailboxes =inboxes/ggdev
# mailboxes =inboxes/codereview
# mailboxes =inboxes/ggnews
# mailboxes =inboxes/gg-uk
# mailboxes =inboxes/gg-email
# mailboxes =inboxes/gg-work
# #mailboxes =inboxes/gg-cvs-notify
# mailboxes =inboxes/gg-bugzilla
# mailboxes =inboxes/gg-watches
# #mailboxes =inboxes/gg-faqomatic

# alias ggdev "guideguide development list" <ggdev@guideguide.com>
# alias gg-uk "guideguide UK list" <gg-uk@guideguide.com>
# #send-hook ".*@guideguide\.com" 'my_hdr From: "Adam Spiers" <aspiers@guideguide.com>'
# #send-hook ".*@guideguide\.com" 'my_hdr Reply-To: "Adam Spiers" <aspiers@guideguide.com>'
# 
# alias codereview guideguide codereview list <codereview@guideguide.com>
# alias translations "ggdev translations" <translations@guideguide.com>

# # 
# }}}

# }}}
# {{{ W3W

# # # # alias adam.bailey "Adam Bailey" <post@w3w.net>
# alias paul.powerhost "Paul at PowerHost" <admin@powerhost.co.uk>

# }}}
# {{{ MoneyWorld

#alias danny.bowers "Danny Bowers" <danny@dircon.co.uk>

# }}}

# }}}

# {{{ Perl

alias andreas.koenig "Andreas J. Koenig" <andreas.koenig@anima.de>
alias mjd Mark-Jason Dominus <mjd@plover.com>

alias dave.cross Dave Cross <dave@dave.org.uk>

alias simon.cozens Simon Cozens <simon@simon-cozens.org>

alias japhy "Jeff Pinyan (japhy)" <japhy@pobox.com>

alias piers.cawley Piers Cawley <pdcawley@bofh.org.uk>

alias fwp "Fun With Perl" <fwp@perl.org>
subscribe fwp
mailboxes =inboxes/fwp
send-hook "fwp" 'my_hdr From: "Adam Spiers" <fwp@adamspiers.org>'
send-hook "fwp" 'my_hdr Reply-To: "Adam Spiers" <fwp@adamspiers.org>'

alias perl-golf "Perl golf" <golf@perl.org>
subscribe golf
mailboxes =inboxes/perl-golf
send-hook "golf.*perl.org" 'my_hdr From: "Adam Spiers" <perl-golf@adamspiers.org>'
send-hook "golf.*perl.org" 'my_hdr Reply-To: "Adam Spiers" <perl-golf@adamspiers.org>'
alias dave.hoover Dave Hoover <dave@redsquirreldesign.com>

folder-hook =(inboxes|lists)/london.pm        source ~/.mutt/folders/london.pm
alias london.pm \"London.pm Perl Mongers\" <london.pm@london.pm.org>

# }}}
# {{{ News

mailboxes =inboxes/freshmeat
mailboxes =inboxes/slashdot
alias ntk "NTK" <tips@spesh.com>

# }}}
# {{{ Chatter

# {{{ (void)

folder-hook =(inboxes|lists)/void             source ~/.mutt/folders/void

#mailboxes =inboxes/void
subscribe void
alias void "(void)" <void@slab.org>

alias alex.mclean "Alex McLean" <alex@slab.org>
alias alex.mclean.lurk Alex McLean <alex@lurk.org>

# }}}

# {{{ Oxford.pm

#mailboxes =inboxes/oxford-pm
subscribe oxford-pm

# }}}
# {{{ London.pm

subscribe london_pm london-list london-pm london.pm
#mailboxes =inboxes/london.pm
#alias london_pm "London Perl M[ou]ngers" <london-list@happyfunball.pm.org>
send-hook "london.pm" 'my_hdr From: "Adam Spiers" <london.pm@adamspiers.org>'
send-hook "london.pm" 'my_hdr Reply-To: "Adam Spiers" <london.pm@adamspiers.org>'

# }}}

# }}}
# {{{ Security

subscribe linux-security
mailboxes =inboxes/linux-security
alias linux-security "Linux Security mailing list" <linux-security@redhat.com>

subscribe security-audit
mailboxes =inboxes/security-audit

subscribe linux-alert
mailboxes =inboxes/linux-alert

subscribe unix-admin
mailboxes =inboxes/unix-admin

subscribe bugtraq
mailboxes =inboxes/bugtraq
alias bugtraq "Bugtraq, UNIX security mailing list" <bugtraq@securityfocus.com>


# }}}
# {{{ Software

mailboxes =inboxes/sourceforge

# {{{ addressbook

alias addressbook "Clemens Durka, author of addressbook" <clemens@dagobah.de>

# }}}
# {{{ ALSA

folder-hook =(inboxes|lists)/alsa- source ~/.mutt/folders/alsa
subscribe alsa-devel alsa-user
mailboxes =inboxes/alsa-user
mailboxes =inboxes/alsa-devel
alias alsa-devel "ALSA development mailing list" <alsa-devel@alsa-project.org>
alias alsa-user "ALSA users mailing list" <alsa-user@alsa-project.org>

# }}}
# {{{ apmd

alias apmd-list "apmd mailing list" <apmd-list@worldvisions.ca>
subscribe apmd-list
#mailboxes =inboxes/apmd-list

# }}}
# {{{ arch

folder-hook =inboxes/arch-                    source ~/.mutt/mailing-list

#alias arch-users.old "arch-users mailing list" <arch-users@regexps.com>
alias arch-users "arch users mailing list" <arch-users@lists.fifthvision.net>
subscribe arch-users gnu-arch-users
mailboxes =inboxes/arch-users
send-hook "arch-users" 'my_hdr From: "Adam Spiers" <arch-users@adamspiers.org>'
send-hook "arch-users" 'my_hdr Reply-To: "Adam Spiers" <arch-users@adamspiers.org>'
send-hook "arch-users" 'my_hdr Sender: "Adam Spiers" <arch-users@adamspiers.org>'

alias arch-dev "arch-dev mailing list" <arch-dev@regexps.com>
subscribe arch-dev
mailboxes =inboxes/arch-dev
send-hook "arch-dev" 'my_hdr From: "Adam Spiers" <arch-dev@adamspiers.org>'
send-hook "arch-dev" 'my_hdr Reply-To: "Adam Spiers" <arch-dev@adamspiers.org>'

alias bug-arch "bug-arch mailing list" <bug-arch@regexps.com>
subscribe bug-arch
mailboxes =inboxes/bug-arch
send-hook "bug-arch" 'my_hdr From: "Adam Spiers" <bug-arch@adamspiers.org>'
send-hook "bug-arch" 'my_hdr Reply-To: "Adam Spiers" <bug-arch@adamspiers.org>'

# }}}
# {{{ bashprompt

subscribe bash
#mailboxes =inboxes/bashprompt
alias bashprompt "bashprompt mailing list" <bash@current.nu>
#send-hook "bash@current\.nu" 'my_hdr From: "Adam Spiers" <adam@spiers.net>'

# }}}
# {{{ bugzilla

subscribe buggies 
mailboxes =inboxes/buggies
alias buggies "landfill bugzilla testing" <buggies@landfill.tequilarista.org>

# }}}
# {{{ buildkernel

alias william.stearns "William Stearns" <wstearns@pobox.com>
alias buildkernel william.stearns
alias bill.stearns william.stearns

# }}}
# {{{ CRM114

alias crm114-general "CRM114 general discussion" <crm114-general@lists.sourceforge.net>
subscribe crm114-general@lists.sourceforge.net
#mailboxes =inboxes/crm114-general
send-hook "crm114-general.*lists.sourceforge.net" 'my_hdr From: "Adam Spiers" <crm114-general@adamspiers.org>'
send-hook "crm114-general.*lists.sourceforge.net" 'my_hdr Reply-To: "Adam Spiers" <crm114-general@adamspiers.org>'
folder-hook =(inboxes|lists)/crm114-general source ~/.mutt/mailing-list

alias crm114-announce "CRM114 announcements" <crm114-announce@lists.sourceforge.net>
subscribe crm114-announce@lists.sourceforge.net
#mailboxes =inboxes/crm114-announce
send-hook "crm114-announce.*lists.sourceforge.net" 'my_hdr From: "Adam Spiers" <crm114-announce@adamspiers.org>'
send-hook "crm114-announce.*lists.sourceforge.net" 'my_hdr Reply-To: "Adam Spiers" <crm114-announce@adamspiers.org>'
folder-hook =(inboxes|lists)/crm114-announce source ~/.mutt/mailing-list

# }}}
# {{{ diald

alias diald "linux-diald mailing list" <linux-diald@vger.rutgers.edu>
subscribe linux-diald
#mailboxes =inboxes/linux-diald

alias mike.jagdis "Mike Jagdis (diald maintainer)" <jaggy@purplet.demon.co.uk>

# }}}
# {{{ easytag

alias easytag "EasyTAG mailing list" <easytag-mailing@lists.sourceforge.net>
subscribe easytag
#mailboxes =inboxes/easytag
send-hook "easytag.*lists.sourceforge.net" 'my_hdr From: "Adam Spiers" <easytag@adamspiers.org>'
send-hook "easytag.*lists.sourceforge.net" 'my_hdr Reply-To: "Adam Spiers" <easytag@adamspiers.org>'

# }}}
# {{{ eci

alias eci "ECI ADSL mailing list" <eci@ml.free.fr>
subscribe eci
#mailboxes =inboxes/eci
send-hook "eci.*ml.free.fr" 'my_hdr From: "Adam Spiers" <eci@adamspiers.org>'
send-hook "eci.*ml.free.fr" 'my_hdr Reply-To: "Adam Spiers" <eci@adamspiers.org>'

# }}}
# {{{ emacs-wiki-discuss (muse, planner, etc.)

alias emacs-wiki-discuss "emacs-wiki-discuss" <emacs-wiki-discuss@nongnu.org>
subscribe emacs-wiki-discuss@nongnu.org
#mailboxes =inboxes/emacs-wiki-discuss
send-hook "emacs-wiki-discuss.*nongnu.org" 'my_hdr From: "Adam Spiers" <emacs-wiki-discuss@adamspiers.org>'
send-hook "emacs-wiki-discuss.*nongnu.org" 'my_hdr Reply-To: "Adam Spiers" <emacs-wiki-discuss@adamspiers.org>'
folder-hook =(inboxes|lists)/emacs-wiki-discuss source ~/.mutt/mailing-list

# }}}
# {{{ folding.el

alias folding-mode.maintainer "Anders Lindgren, maintainer of folding.el" <andersl@csd.uu.se>

# }}}
# {{{ fetchmail

subscribe fetchmail-friends
mailboxes =inboxes/fetchmail
alias fetchmail-friends "fetchmail-friends mailing list" <fetchmail-friends@lists.ccil.org>

# }}}
# {{{ galeon

subscribe galeon-user galeon-devel
#mailboxes =inboxes/galeon-user
#mailboxes =inboxes/galeon-devel
alias galeon-user  "galeon user list"  <galeon-user@lists.sourceforge.net>
alias galeon-devel "galeon devel list" <galeon-devel@lists.sourceforge.net>

# }}}
# {{{ gconf

subscribe gconf-list
#mailboxes =inboxes/gconf-list
alias gconf-list  "galeon user list"  <gconf-list@gnome.org>

# }}}
# {{{ gimp-perl

subscribe gimp-perl
mailboxes =inboxes/gimp-perl
alias gimp-perl "gimp-perl mailing list" <gimp-perl@lists.netcentral.net>

# }}}
# {{{ gnokii

subscribe gnokii
alias gnokii "gnokii mailing list" <gnokii@net.lut.ac.uk>

alias chris.kemp "Christopher Kemp" <ck231@cam.ac.uk>

# }}}
# {{{ gnucash

alias gnucash-user "gnucash users lists" <gnucash-user@lists.gnucash.org>
subscribe gnucash-user
#mailboxes =inboxes/gnucash-user
send-hook "gnucash-user.*lists.gnucash.org" 'my_hdr From: "Adam Spiers" <gnucash@adamspiers.org>'
send-hook "gnucash-user.*lists.gnucash.org" 'my_hdr Reply-To: "Adam Spiers" <gnucash@adamspiers.org>'

# }}}
# {{{ GNU screen

subscribe gnu-screen
mailboxes =inboxes/gnu-screen
alias gnu-screen gnu-screen list <gnu-screen@yahoogroups.com>
send-hook "gnu-screen.*@yahoogroups\.com" 'my_hdr From: "Adam Spiers" <gnu-screen@adamspiers.org>'
send-hook "gnu-screen.*@yahoogroups\.com" 'my_hdr Reply-To: "Adam Spiers" <gnu-screen@adamspiers.org>'

# }}}
# {{{ gphoto

alias gphoto "gphoto developers\' list" <gphoto@gphoto.net>
subscribe gphoto

alias gphoto-devel "gphoto developers\' list" <gphoto-devel@gphoto.net>
subscribe gphoto-devel

# }}}
# {{{ gqview

subscribe gqview-users
mailboxes =inboxes/gqview-users
alias gqview-users  "gqview user list"  <gqview-users@lists.sourceforge.net>

# }}}
# {{{ htmlpp

alias htmlpp "Nicolas Thiery, author of htmlpp" <Nicolas.Thiery@ens.fr>

# }}}
# {{{ infobot

subscribe infobot
#mailboxes =inboxes/infobot
alias infobot "Infobot mailing list" <infobot-dev@cs.cmu.edu>

alias oznoid "Oznoid (Kevin Lenzo)" <lenzo@cs.cmu.edu>

# }}}
# {{{ junkbuster

alias junkbuster.blocklist "Stefan Waldherr" <stefan@waldherr.org>

# }}}
# {{{ Linux IEEE1394 (FireWire)

alias linux1394-user "Linux IEEE1394 users mailing list" <linux1394-user@lists.sourceforge.net>
subscribe linux1394-user
#mailboxes =inboxes/linux1394-user
send-hook "linux1394-user.*lists.sourceforge.net" 'my_hdr From: "Adam Spiers" <linux1394-user@adamspiers.org>'
send-hook "linux1394-user.*lists.sourceforge.net" 'my_hdr Reply-To: "Adam Spiers" <linux1394-user@adamspiers.org>'

# }}}
# {{{ Linux kernel

alias linux-kernel <linux-kernel@vger.rutgers.edu>
subscribe linux-kernel
mailboxes =inboxes/linux-kernel

# }}}
# {{{ Linux SMP

alias linux-smp "Linux SMP mailing list" <linux-smp@vger.rutgers.edu>
mailboxes =inboxes/linux-smp
subscribe linux-smp

# }}}
# {{{ mod_perl

alias modperl "mod_perl mailing list" <modperl@apache.org>

# }}}
# {{{ mozilla

mailboxes =inboxes/mozilla-announce
#mailboxes =inboxes/mozilla-bugzilla

# }}}
# {{{ mutt

alias mutt-dev "mutt developers lists" <mutt-dev@mutt.org>
subscribe mutt-dev@mutt.org
#mailboxes =inboxes/mutt-dev
send-hook "mutt-dev.*mutt.org" 'my_hdr From: "Adam Spiers" <mutt-dev@adamspiers.org>'
send-hook "mutt-dev.*mutt.org" 'my_hdr Reply-To: "Adam Spiers" <mutt-dev@adamspiers.org>'
folder-hook =(inboxes|lists)/mutt-dev source ~/.mutt/mailing-list

# }}}
# {{{ netatalk

alias netatalk "netatalk mailing list" <netatalk@umich.edu>

# }}}
# {{{ offlineimap

alias offlineimap "offlineimap mailing list" <offlineimap@complete.org>
subscribe offlineimap@complete.org
#mailboxes =inboxes/offlineimap
send-hook "offlineimap.*complete.org" 'my_hdr From: "Adam Spiers" <offlineimap@adamspiers.org>'
send-hook "offlineimap.*complete.org" 'my_hdr Reply-To: "Adam Spiers" <offlineimap@adamspiers.org>'
folder-hook =(inboxes|lists)/offlineimap source ~/.mutt/mailing-list

# }}}
# {{{ OpenZaurus

folder-hook =(inboxes|lists)/openzaurus- source ~/.mutt/folders/openzaurus

alias openzaurus-users "OpenZaurus users mailing list" <openzaurus-users@lists.sourceforge.net>
subscribe openzaurus-users
#mailboxes =inboxes/openzaurus-users
send-hook "openzaurus-users.*lists.sourceforge.net" 'my_hdr From: "Adam Spiers" <openzaurus-users@adamspiers.org>'
send-hook "openzaurus-users.*lists.sourceforge.net" 'my_hdr Reply-To: "Adam Spiers" <openzaurus-users@adamspiers.org>'

alias openzaurus-devel "OpenZaurus developers mailing list" <openzaurus-devel@lists.sourceforge.net>
subscribe openzaurus-devel
#mailboxes =inboxes/openzaurus-devel
send-hook "openzaurus-devel.*lists.sourceforge.net" 'my_hdr From: "Adam Spiers" <openzaurus-devel@adamspiers.org>'
send-hook "openzaurus-devel.*lists.sourceforge.net" 'my_hdr Reply-To: "Adam Spiers" <openzaurus-devel@adamspiers.org>'

# }}}
# {{{ Palm

# {{{ plucker

alias plucker-dev "Plucker development" <plucker-dev@rubberchicken.org>
subscribe plucker-dev
#mailboxes =inboxes/plucker-dev

# }}}
# {{{ sitescooper

alias sitescooper-talk sitescooper-talk@lists.sourceforge.net
subscribe sitescooper-talk
#mailboxes =inboxes/sitescooper

# }}}
# {{{ gnome-pilot

subscribe gnome-pilot-list
mailboxes =inboxes/gnome-pilot-list
alias gnome-pilot "gnome-pilot mailing list" <gnome-pilot-list@gnome.org>

# }}}
# {{{ DateBk4

alias datebk4-support "DateBk4 tech support" <SWSupport@PimlicoSoftware.com>

# }}}

# }}}
# {{{ PCMCIA

#mailboxes =inboxes/pcmcia-beta
#mailboxes =inboxes/pcmcia-apm
alias david.hinds "David Hinds (PCMCIA author)" <dhinds@zen.stanford.edu>

# }}}
# {{{ Perl

alias modules "modules@perl.org" <modules@perl.org>

subscribe p5p
mailboxes =inboxes/p5p

alias Lingua::EN::Squeeze "Jari Aalto" <jari.aalto@poboxes.com>

# }}}
# {{{ perlunit

alias christian.lemburg Christian Lemburg <lemburg@aixonix.de>

subscribe perlunit-users perlunit-devel
# mailboxes =inboxes/perlunit-users
# mailboxes =inboxes/perlunit-devel
alias perlunit-devel "PerlUnit development list" <perlunit-devel@lists.sourceforge.net>
alias perlunit-users "PerlUnit users list" <perlunit-users@lists.sourceforge.net>

# }}}
# {{{ PJB

alias alexander.mosley Alexander Mosley <ajm@netlink.co.uk>
alias pjbox.developers PJB developers <pjbox@phobos.fs.tum.de>

# }}}
# {{{ Request tracking

#subscribe req reqng-developers wishlist
#mailboxes =inboxes/rt-users
#mailboxes =inboxes/req
#mailboxes =inboxes/reqng
# alias req "Req mailing list" <req@ccs.neu.edu>
# alias reqng "reqNG developers mailing list" <reqng-developers@scuttlebutt.explore.com>
# alias reqng-wishlist "ReqNG wishlist" <wishlist@scuttlebutt.explore.com>

# alias dcl "Daniel C. L'Hommedieu (reqNG developer)" <dcl@explore.com>

subscribe rt-users
alias rt-users rt-users list <rt-users@lists.fsck.com>
send-hook "rt-users.*@lists.fsck.com" 'my_hdr From: "Adam Spiers" <rt@adamspiers.org>'
send-hook "rt-users.*@lists.fsck.com" 'my_hdr Reply-To: "Adam Spiers" <rt@adamspiers.org>'

subscribe rt-devel
alias rt-devel rt-devel list <rt-devel@lists.fsck.com>
send-hook "rt-devel.*@lists.fsck.com" 'my_hdr From: "Adam Spiers" <rt@adamspiers.org>'
send-hook "rt-devel.*@lists.fsck.com" 'my_hdr Reply-To: "Adam Spiers" <rt@adamspiers.org>'

# }}}
# {{{ rpm

folder-hook =(inboxes|lists)/rpm-list         source ~/.mutt/mailing-list
alias rpm-list "rpm mailing list" <rpm-list@redhat.com>
subscribe rpm-list
#mailboxes =inboxes/rpm-list

# }}}
# {{{ Rubyphoto

#mailboxes =inboxes/rubyphoto
alias rubyphoto "rubyphoto mailing list" <rubyphoto@plig.net>
subscribe rubyphoto

# }}}
# {{{ sawfish

subscribe sawmill
#mailboxes =inboxes/sawfish
alias sawfish "sawfish mailing list" <sawmill@aarg.net>
alias sawmill sawfish

# }}}
# {{{ screen-devel

alias screen-devel "GNU screen developers list" <screen-devel@gnu.org>
subscribe screen-devel@gnu.org
#mailboxes =inboxes/screen-devel
send-hook "screen-devel.*gnu.org" 'my_hdr From: "Adam Spiers" <screen-devel@adamspiers.org>'
send-hook "screen-devel.*gnu.org" 'my_hdr Reply-To: "Adam Spiers" <screen-devel@adamspiers.org>'
folder-hook =(inboxes|lists)/screen-devel source ~/.mutt/mailing-list

# }}}
# {{{ Slim Devices lists

folder-hook =(inboxes|lists)/slim- source ~/.mutt/mailing-list

alias slim-updates "Slim Devices updates" <updates@lists.slimdevices.com>
subscribe updates@lists.slimdevices.com
mailboxes =inboxes/slim-updates
send-hook "updates.*lists.slimdevices.com" 'my_hdr From: "Adam Spiers" <slim-updates@adamspiers.org>'
send-hook "updates.*lists.slimdevices.com" 'my_hdr Reply-To: "Adam Spiers" <slim-updates@adamspiers.org>'

alias slim-devel "Slim Devices development list" <developers@lists.slimdevices.com>
subscribe developers@lists.slimdevices.com
mailboxes =inboxes/slim-devel
send-hook "developers.*lists.slimdevices.com" 'my_hdr From: "Adam Spiers" <slim-devel@adamspiers.org>'
send-hook "developers.*lists.slimdevices.com" 'my_hdr Reply-To: "Adam Spiers" <slim-devel@adamspiers.org>'

alias slim-discuss "Slim Devices discussion list" <discuss@lists.slimdevices.com>
subscribe discuss@lists.slimdevices.com
mailboxes =inboxes/slim-discuss
send-hook "discuss.*lists.slimdevices.com" 'my_hdr From: "Adam Spiers" <slim-discuss@adamspiers.org>'
send-hook "discuss.*lists.slimdevices.com" 'my_hdr Reply-To: "Adam Spiers" <slim-discuss@adamspiers.org>'

# }}}
# {{{ TWiki

alias crawford.currie Crawford Currie <web@c-dot.co.uk>
alias crawford.currie.plus Crawford Currie <crawfordcurrie@crawfordcurrie.plus.com>

# }}}
# {{{ xwrits

alias xwrits "Eddie Kohler, author of xwrits" <eddietwo@lcs.mit.edu>

# }}}
# {{{ zoe

folder-hook =(inboxes|lists)/zoe- source ~/.mutt/mailing-list

alias zoe "zoe-general list" <zoe-general@lists.sourceforge.net>
subscribe zoe
mailboxes =inboxes/zoe
send-hook "zoe-general.*@lists\.sourceforge\.net" 'my_hdr From: "Adam Spiers" <zoe@adamspiers.org>'
send-hook "zoe-general.*@lists\.sourceforge\.net" 'my_hdr Reply-To: "Adam Spiers" <zoe@adamspiers.org>'

# }}}
# {{{ zsh

folder-hook =(inboxes|lists)/zsh- source ~/.mutt/folders/zsh

subscribe zsh-users zsh-workers
mailboxes =inboxes/zsh-users
mailboxes =inboxes/zsh-workers
alias zsh-users "zsh users mailing list" <zsh-users@sunsite.auc.dk>
alias zsh-workers "zsh workers mailing list" <zsh-workers@sunsite.auc.dk>


alias pws "Peter Stephenson" <pws@ibmth.df.unipi.it>
alias sven.wischnowsky "Sven Wischnowsky" <wischnow@informatik.hu-berlin.de>
alias tanaka.akira "Tanaka Akira" <akr@jaist.ac.jp>
alias zefram "Zefram" <zefram@fysh.org>

# }}}

# }}}
# {{{ www-style

alias www-style "W3C CSS mailing list" <www-style@w3.org>
subscribe www-style@w3.org
#mailboxes =inboxes/www-style
send-hook "www-style.*w3.org" 'my_hdr From: "Adam Spiers" <www-style@adamspiers.org>'
send-hook "www-style.*w3.org" 'my_hdr Reply-To: "Adam Spiers" <www-style@adamspiers.org>'
folder-hook =(inboxes|lists)/www-style source ~/.mutt/mailing-list

# }}}
# {{{ Hardware

# {{{ iPod

alias ipodlinux-devel "Linux on iPod mailing list" <ipodlinux-devel@lists.sourceforge.net>
subscribe ipodlinux-devel
#mailboxes =inboxes/ipodlinux-devel
send-hook "ipodlinux-devel.*lists.sourceforge.net" 'my_hdr From: "Adam Spiers" <ipodlinux-devel@adamspiers.org>'
send-hook "ipodlinux-devel.*lists.sourceforge.net" 'my_hdr Reply-To: "Adam Spiers" <ipodlinux-devel@adamspiers.org>'

# }}}
# {{{ laptops

subscribe linux-thinkpad linux-laptop
#mailboxes =inboxes/linux-thinkpad
#mailboxes =inboxes/linux-laptop

alias linux-thinkpad linux-thinkpad mailing list <linux-thinkpad@topica.com>
#send-hook "linux-thinkpad.*topica\.com" 'my_hdr From: "Adam Spiers" <adam@spiers.net>'
alias linux-thinkpad-maintainer "Linux on ThinkPads web page maintainer" <linux-tp@e-oasis.com>
alias linux-laptop "linux-laptop mailing list" <linux-laptop@vger.rutgers.edu>
alias kharker "Kenneth Harker, Linux on Laptops maintainer" <kharker@cs.utexas.edu>
alias lilac "Werner Heuser, LiLAC website maintainer" <wehe@snafu.de>

# }}}
# {{{ p800

alias p800-linux "P800 with Linux" <p800@linux.pt>
subscribe p800-linux
#mailboxes =inboxes/p800-linux
send-hook "p800.*linux.pt" 'my_hdr From: "Adam Spiers" <p800-linux@adamspiers.org>'
send-hook "p800.*linux.pt" 'my_hdr Reply-To: "Adam Spiers" <p800-linux@adamspiers.org>'

# }}}

# }}}
# {{{ RedHat

#mailboxes =inboxes/redhat-bugzilla

#mailboxes =inboxes/redhat-contrib
subscribe contrib-list

# }}}

# {{{ Online shopping

mailboxes =inboxes/amazon

# }}}

alias keet Christiaan Keet <keet@plig.net>
alias vger "majordomo@vger.rutgers.edu" <Majordomo@vger.rutgers.edu>

alias will.perrin Will Perrin <will.perrin@credit-suisse.com>

alias gg-party-friends ture, ben.simpson, jasper.mccrea
alias lehman-party-friends dave.wishart, julian.morris, bob.cole, james.hickie, nicky.kovacs-gaspar, vanessa.bell, james.hall, nicole.siebel, nick.blackwell, pete.mchugh
alias novell-party-friends matt.mckenzie
alias computer-party-friends gg-party-friends, lehman-party-friends, novell-party-friends, will.perrin

# }}}

# {{{ Miscellaneous

# {{{ First aid course friends

# josmithlondon@yahoo.co.uk
# trevs_mh@yahoo.co.uk
# claire.webster@gcc.royalsun.com (bcc?)
# paula.grant@eoson.co.uk (ebson?)

# }}}

alias kevin.spiers "Kevin L Spiers" <kevin@spiers.net>
alias kevin.spiers2 Kevin Spiers <stock03@worldnet.att.net>

alias bcc-only lots of people <dev.null@adamspiers.org>

alias philip.smithies "Philip Smithies" <philipsmithies@lineone.net>

alias gordon.melvin Gordon Melvin <gordon.melvin@homecall.co.uk>
alias gordon.melvin.new Gordon Melvin <gordon.melvin@keme.co.uk>

alias saskia.vidler Saskia Vidler <saskimari@hotmail.com>

#source ~/.mutt/quake-aliases

# }}}

# {{{ Groups of friends

alias address_change stacey, tim.corbett-clark, nick, lindsey.napier, ben.teasdale, ben, nick.williams, dave, chris, jo.sherratt, ivan.rockey, sarah.metcalf, ian.macmullen, tim.lucas, graeme.wearden, rachael.gulliver, annabel.borthwick, jessie.hadley, bear, stephen.walmsley,
alias add2 kevin.barsby, oli.dickson, peronel.smith, nick.collins, andy.radford, vicky.hamilton, dave.willetts, weejock, chris.evans, paul.eastham, rowan.dennis, jon.greenwell, dan.davies, alex.steele, jeremy.lund, katie.green, emma.perks, matt.clay, john.hargreaves, richard.green, natasha.foster, rosie.biss, malcolm.cross, sarah.boxall, martin.grainger, daddy, daniel.spiers, helen, michael, chloe, ian, sheila.davies, nick.byrne, kirsten.lestrange, philip.sheppard, wilson, darren.nickerson, gg-uk

alias birthday-and-nacro-sponsorship nick, vicky.hamilton, graeme.wearden, tim.corbett-clark, giles.harrison, lindsey.napier, ben, bear, oli, ives, tim.lucas, jeremy.cave, sarah.hudson, kath.noble, peronel, mat.craddock, nick.collins, dan.davies, nick.byrne, linz, matt.jones, rosie.biss, livia.harris, samy.bishai, claire.roff, david.lasserson, matthew.pay, joanna.warden, nick.rippon, ture, andym, xtof, luke, ben.simpson, matt.copping, jasper.mccrea, sali, jo.sherratt, sarsli, dave, annabel.borthwick, clare.raybould
alias nacro-sponsorship-followup nick, vicky.hamilton, graeme.wearden, tim.corbett-clark, giles.harrison, lindsey.napier, ben, bear, oli, ives, tim.lucas, jeremy.cave, sarah.hudson, kath.noble, peronel, mat.craddock, nick.collins, dan.davies, nick.byrne, matt.jones, rosie.biss, livia.harris, claire.roff, matthew.pay, ture, andym, xtof, luke, ben.simpson, matt.copping, jasper.mccrea, sali, jo.sherratt, sarsli, dave, annabel.borthwick, clare.raybould

alias marathon-relatives family, relatives-in-UK, michael.oconnor, helen.oconnor

# FLM April 2004
alias marathon-2004-sponsorship Endellion-marathon-sponsors-2004, marathon-relatives, nick, vicky.hamilton, rachael.schofield, graeme.wearden, tim.corbett-clark, giles.harrison, lindsey.napier, ben, bear, di.north, dave, oli, ives, tim.lucas, jeremy.cave, sarah.hudson, kath.noble, peronel, mat.craddock, nick.collins, dan.davies, nick.byrne, linz, matt.jones, rosie.biss, livia.harris, nick.rippon, ture, andym, xtof, ben.simpson, matt.copping, jasper.mccrea, sali, jo.sherratt, sarsli, becky.leyton, matthew.clay, richard.green, stig, yan, ron.hickman, mike.francis, paul.newbold, gareth.jones, adrian.warrick, john.hargreaves, jeff.harrod, jason.yank, cello-teachers, kirsty, shlom

# Ocean Wharf flat warming Feb 2005
alias flat-warming home-party-friends, NYO-party-friends, Oxford-party-friends, RAM-party-friends, Endellion-party-friends, music-party-friends, computer-party-friends

# FLM April 2005
alias marathon-2005-sponsorship Endellion-marathon-2005, family, michael.oconnor, helen.oconnor, nick, vicky.hamilton, dave, oli, peronel, mat.craddock, linz, matt.jones, rosie.biss, sali, jo.sherratt, sarsli, becky.leyton, richard.green, stig, mike.francis, gareth.jones, kirsty, shlom, ben.rogerson, alex.green

# }}}

################################################

#
# Unclassified
#

alias john.bainbridge John Bainbridge <JBainbridge@novell.com>
